-- phpMyAdmin SQL Dump
-- version 5.2.1
-- https://www.phpmyadmin.net/
--
-- Servidor: 127.0.0.1
-- Tiempo de generación: 16-04-2026 a las 14:54:30
-- Versión del servidor: 10.4.32-MariaDB
-- Versión de PHP: 8.2.12

SET SQL_MODE = "NO_AUTO_VALUE_ON_ZERO";
START TRANSACTION;
SET time_zone = "+00:00";


/*!40101 SET @OLD_CHARACTER_SET_CLIENT=@@CHARACTER_SET_CLIENT */;
/*!40101 SET @OLD_CHARACTER_SET_RESULTS=@@CHARACTER_SET_RESULTS */;
/*!40101 SET @OLD_COLLATION_CONNECTION=@@COLLATION_CONNECTION */;
/*!40101 SET NAMES utf8mb4 */;

--
-- Base de datos: `alumnos_db`
--

-- --------------------------------------------------------

--
-- Estructura de tabla para la tabla `alumnos`
--

CREATE TABLE `alumnos` (
  `id_alumno` int(11) NOT NULL,
  `nombre_alumno` varchar(55) NOT NULL,
  `dni_alumno` int(9) NOT NULL,
  `ano_alumno` int(1) NOT NULL,
  `id_sede` int(11) NOT NULL
) ENGINE=InnoDB DEFAULT CHARSET=utf8mb4 COLLATE=utf8mb4_general_ci;

--
-- Volcado de datos para la tabla `alumnos`
--

INSERT INTO `alumnos` (`id_alumno`, `nombre_alumno`, `dni_alumno`, `ano_alumno`, `id_sede`) VALUES
(1, 'Scarlett Silva', 11111111, 1, 1),
(2, 'Máximo Flores', 11111112, 1, 1),
(3, 'Paula Rodríguez', 11111113, 1, 1),
(4, 'Agustín Williams', 11111114, 1, 1),
(5, 'Ella Robinson', 11111115, 1, 1),
(6, 'Elizabeth Robinson', 11111116, 2, 1),
(7, 'Benjamín Johnson', 11111117, 2, 1),
(8, 'Joaquín White', 11111118, 2, 1),
(9, 'Simón Fernández', 11111119, 2, 1),
(10, 'Emma Robinson', 11111120, 2, 1),
(11, 'Victoria Sánchez', 11111121, 3, 1),
(12, 'Antonella Wilson', 11111122, 3, 1),
(13, 'Ava Smith', 11111123, 3, 1),
(14, 'Lucas Ibarra', 11111124, 3, 1),
(15, 'Antonella Williams', 11111125, 3, 1),
(16, 'Victoria Martinez', 11111126, 4, 1),
(17, 'Martín García', 11111127, 4, 1),
(18, 'Abigail Wilson', 11111128, 4, 1),
(19, 'Lucas Sánchez', 11111129, 4, 1),
(20, 'Joaquín Ruiz', 11111130, 4, 1),
(21, 'Simón Thompson', 11111131, 5, 1),
(22, 'Tomás Taylor', 11111132, 5, 1),
(23, 'Luciano Anderson', 11111133, 5, 1),
(24, 'Tomás Rojas', 11111134, 5, 1),
(25, 'Harper Anderson', 11111135, 5, 1),
(26, 'James White', 11111136, 1, 2),
(27, 'Benjamín Castro', 11111137, 1, 2),
(28, 'Martina Brown', 11111138, 1, 2),
(29, 'Alma Robinson', 11111139, 1, 2),
(30, 'Tomás Jackson', 11111140, 1, 2),
(31, 'Bianca Moore', 11111141, 2, 2),
(32, 'Luciano Fernández', 11111142, 2, 2),
(33, 'Emily Suárez', 11111143, 2, 2),
(34, 'Renata Jones', 11111144, 2, 2),
(35, 'Nicolás Rodríguez', 11111145, 2, 2),
(36, 'Valentín Gómez', 11111146, 3, 2),
(37, 'Victoria Taylor', 11111147, 3, 2),
(38, 'Emily Herrera', 11111148, 3, 2),
(39, 'Mateo Garcia', 11111149, 3, 2),
(40, 'Martín Gómez', 11111150, 3, 2),
(41, 'Elijah Herrera', 11111151, 4, 2),
(42, 'Camila Martínez', 11111152, 4, 2),
(43, 'Mason Navarro', 11111153, 4, 2),
(44, 'Dylan Martínez', 11111154, 4, 2),
(45, 'Abril Gómez', 11111155, 4, 2),
(46, 'Agustín Ramírez', 11111156, 5, 2),
(47, 'Martín Ruiz', 11111157, 5, 2),
(48, 'Ella Garcia', 11111158, 5, 2),
(49, 'Emma Sosa', 11111159, 5, 2),
(50, 'Martín Romero', 11111160, 5, 2),
(51, 'Sofía García', 11111161, 1, 3),
(52, 'Ethan Robinson', 11111162, 1, 3),
(53, 'Paula García', 11111163, 1, 3),
(54, 'Dylan Álvarez', 11111164, 1, 3),
(55, 'Máximo Davis', 11111165, 1, 3),
(56, 'Simón Gómez', 11111166, 2, 3),
(57, 'Renata Johnson', 11111167, 2, 3),
(58, 'Victoria Torres', 11111168, 2, 3),
(59, 'Lucas Benítez', 11111169, 2, 3),
(60, 'Mason Benítez', 11111170, 2, 3),
(61, 'Ava Suárez', 11111171, 3, 3),
(62, 'Bianca Thomas', 11111172, 3, 3),
(63, 'Ella Sosa', 11111173, 3, 3),
(64, 'Thiago Benítez', 11111174, 3, 3),
(65, 'Dylan Sánchez', 11111175, 3, 3),
(66, 'Camila Álvarez', 11111176, 4, 3),
(67, 'Lucas White', 11111177, 4, 3),
(68, 'Scarlett Medina', 11111178, 4, 3),
(69, 'Ava Moore', 11111179, 4, 3),
(70, 'Logan Romero', 11111180, 4, 3),
(71, 'Simón Torres', 11111181, 5, 3),
(72, 'Valentín Thompson', 11111182, 5, 3),
(73, 'Oliver Domínguez', 11111183, 5, 3),
(74, 'Evelyn Robinson', 11111184, 5, 3),
(75, 'Luciano Taylor', 11111185, 5, 3),
(76, 'Thiago Harris', 11111186, 1, 4),
(77, 'Bianca Álvarez', 11111187, 1, 4),
(78, 'Renata Jackson', 11111188, 1, 4),
(79, 'Olivia Sánchez', 11111189, 1, 4),
(80, 'Victoria Medina', 11111190, 1, 4),
(81, 'Avery Moore', 11111191, 2, 4),
(82, 'Mateo Ruiz', 11111192, 2, 4),
(83, 'Emma Flores', 11111193, 2, 4),
(84, 'Luciano Wilson', 11111194, 2, 4),
(85, 'Máximo Molina', 11111195, 2, 4),
(86, 'Dylan Medina', 11111196, 3, 4),
(87, 'Felipe Rodríguez', 11111197, 3, 4),
(88, 'James Martin', 11111198, 3, 4),
(89, 'James Castro', 11111199, 3, 4),
(90, 'Mateo Romero', 11111200, 3, 4),
(91, 'Lucas Martin', 11111201, 4, 4),
(92, 'Facundo Benítez', 11111202, 4, 4),
(93, 'Mía Ramírez', 11111203, 4, 4),
(94, 'Charlotte Acosta', 11111204, 4, 4),
(95, 'Ava Herrera', 11111205, 4, 4),
(96, 'Noah Brown', 11111206, 5, 4),
(97, 'Agustín Molina', 11111207, 5, 4),
(98, 'Camila Romero', 11111208, 5, 4),
(99, 'Ethan Suárez', 11111209, 5, 4),
(100, 'Oliver Morales', 11111210, 5, 4),
(101, 'Santiago Ortiz', 11111211, 1, 5),
(102, 'Scarlett Sánchez', 11111212, 1, 5),
(103, 'Joaquín López', 11111213, 1, 5),
(104, 'Antonella Ibarra', 11111214, 1, 5),
(105, 'Simón García', 11111215, 1, 5),
(106, 'Valentina Garcia', 11111216, 2, 5),
(107, 'Ava Benítez', 11111217, 2, 5),
(108, 'Elijah Sánchez', 11111218, 2, 5),
(109, 'Facundo Rodríguez', 11111219, 2, 5),
(110, 'Simón Johnson', 11111220, 2, 5),
(111, 'Nicolás Suárez', 11111221, 3, 5),
(112, 'Elijah Miller', 11111222, 3, 5),
(113, 'Martín Benítez', 11111223, 3, 5),
(114, 'Dylan Thomas', 11111224, 3, 5),
(115, 'Thiago Johnson', 11111225, 3, 5),
(116, 'Mason Gómez', 11111226, 4, 5),
(117, 'Tomás Torres', 11111227, 4, 5),
(118, 'Ethan Sánchez', 11111228, 4, 5),
(119, 'Agustín Brown', 11111229, 4, 5),
(120, 'Lucía García', 11111230, 4, 5),
(121, 'Noah Pérez', 11111231, 5, 5),
(122, 'Olivia Wilson', 11111232, 5, 5),
(123, 'Camila Miller', 11111233, 5, 5),
(124, 'Luciano Navarro', 11111234, 5, 5),
(125, 'Benjamín Benítez', 11111235, 5, 5),
(126, 'Martín Johnson', 11111236, 1, 6),
(127, 'Julieta Silva', 11111237, 1, 6),
(128, 'Bianca Rodríguez', 11111238, 1, 6),
(129, 'Simón Martinez', 11111239, 1, 6),
(130, 'Charlotte Brown', 11111240, 1, 6),
(131, 'Simón Moore', 11111241, 2, 6),
(132, 'Liam Flores', 11111242, 2, 6),
(133, 'Paula Castro', 11111243, 2, 6),
(134, 'Mía Garcia', 11111244, 2, 6),
(135, 'Bruno Castro', 11111245, 2, 6),
(136, 'Avery Rodríguez', 11111246, 3, 6),
(137, 'Ethan Sosa', 11111247, 3, 6),
(138, 'Emily Ibarra', 11111248, 3, 6),
(139, 'Ethan Jackson', 11111249, 3, 6),
(140, 'Avery López', 11111250, 3, 6),
(141, 'Antonella Davis', 11111251, 4, 6),
(142, 'Máximo Gómez', 11111252, 4, 6),
(143, 'Martín Ramírez', 11111253, 4, 6),
(144, 'Mateo Johnson', 11111254, 4, 6),
(145, 'Sofía Anderson', 11111255, 4, 6),
(146, 'Mateo Ramírez', 11111256, 5, 6),
(147, 'Olivia Rojas', 11111257, 5, 6),
(148, 'Camila Wilson', 11111258, 5, 6),
(149, 'Lucía Robinson', 11111259, 5, 6),
(150, 'Noah Vega', 11111260, 5, 6),
(151, 'Evelyn Silva', 11111261, 1, 7),
(152, 'Renata Brown', 11111262, 1, 7),
(153, 'Victoria Martínez', 11111263, 1, 7),
(154, 'Facundo Domínguez', 11111264, 1, 7),
(155, 'Camila Martin', 11111265, 1, 7),
(156, 'Elena Martínez', 11111266, 2, 7),
(157, 'Bruno Wilson', 11111267, 2, 7),
(158, 'Lucía Thompson', 11111268, 2, 7),
(159, 'Renata Silva', 11111269, 2, 7),
(160, 'Máximo Vega', 11111270, 2, 7),
(161, 'Camila Brown', 11111271, 3, 7),
(162, 'Olivia Silva', 11111272, 3, 7),
(163, 'Martín Álvarez', 11111273, 3, 7),
(164, 'Martín Acosta', 11111274, 3, 7),
(165, 'Bianca Navarro', 11111275, 3, 7),
(166, 'Luciano Robinson', 11111276, 4, 7),
(167, 'Ella Ruiz', 11111277, 4, 7),
(168, 'Paula Martin', 11111278, 4, 7),
(169, 'Mía Anderson', 11111279, 4, 7),
(170, 'Joaquín Fernández', 11111280, 4, 7),
(171, 'Olivia White', 11111281, 5, 7),
(172, 'Simón Martin', 11111282, 5, 7),
(173, 'Lucía Rojas', 11111283, 5, 7),
(174, 'Avery Harris', 11111284, 5, 7),
(175, 'Harper Ramírez', 11111285, 5, 7),
(176, 'Benjamín Martin', 11111286, 1, 8),
(177, 'James Ruiz', 11111287, 1, 8),
(178, 'Mason Torres', 11111288, 1, 8),
(179, 'Sofia Miller', 11111289, 1, 8),
(180, 'Logan Vega', 11111290, 1, 8),
(181, 'Bruno Martin', 11111291, 2, 8),
(182, 'Lucía Martin', 11111292, 2, 8),
(183, 'Oliver Taylor', 11111293, 2, 8),
(184, 'Tomás Johnson', 11111294, 2, 8),
(185, 'Abril White', 11111295, 2, 8),
(186, 'Mía White', 11111296, 3, 8),
(187, 'Isabella Martin', 11111297, 3, 8),
(188, 'Elena Navarro', 11111298, 3, 8),
(189, 'Mason Thompson', 11111299, 3, 8),
(190, 'Abigail Navarro', 11111300, 3, 8),
(191, 'Felipe Ortiz', 11111301, 4, 8),
(192, 'Logan Brown', 11111302, 4, 8),
(193, 'Isabella Silva', 11111303, 4, 8),
(194, 'Ella Sánchez', 11111304, 4, 8),
(195, 'Noah López', 11111305, 4, 8),
(196, 'Elijah Moore', 11111306, 5, 8),
(197, 'Ella Silva', 11111307, 5, 8),
(198, 'Ava Robinson', 11111308, 5, 8),
(199, 'Thiago Rojas', 11111309, 5, 8),
(200, 'Emma Jackson', 11111310, 5, 8),
(201, 'Martina Jones', 11111311, 1, 9),
(202, 'Lucas Suárez', 11111312, 1, 9),
(203, 'Benjamín Rojas', 11111313, 1, 9),
(204, 'Abril Rodríguez', 11111314, 1, 9),
(205, 'Harper Suárez', 11111315, 1, 9),
(206, 'Ava Acosta', 11111316, 2, 9),
(207, 'Logan Torres', 11111317, 2, 9),
(208, 'Sofía Molina', 11111318, 2, 9),
(209, 'Emiliano Thomas', 11111319, 2, 9),
(210, 'Mason Garcia', 11111320, 2, 9),
(211, 'Lucía Wilson', 11111321, 3, 9),
(212, 'Abigail Moore', 11111322, 3, 9),
(213, 'Dylan Acosta', 11111323, 3, 9),
(214, 'Ava García', 11111324, 3, 9),
(215, 'Ella Morales', 11111325, 3, 9),
(216, 'Elena Thomas', 11111326, 4, 9),
(217, 'Sofía Martin', 11111327, 4, 9),
(218, 'Dylan White', 11111328, 4, 9),
(219, 'Joaquín Acosta', 11111329, 4, 9),
(220, 'Victoria Herrera', 11111330, 4, 9),
(221, 'Abigail Gómez', 11111331, 5, 9),
(222, 'Máximo López', 11111332, 5, 9),
(223, 'Olivia Sosa', 11111333, 5, 9),
(224, 'Franco Brown', 11111334, 5, 9),
(225, 'Sofía Medina', 11111335, 5, 9),
(226, 'Renata Benítez', 11111336, 1, 10),
(227, 'Harper Silva', 11111337, 1, 10),
(228, 'Nicolás Herrera', 11111338, 1, 10),
(229, 'Lucía Flores', 11111339, 1, 10),
(230, 'Facundo Robinson', 11111340, 1, 10),
(231, 'Emily Romero', 11111341, 2, 10),
(232, 'Valentina White', 11111342, 2, 10),
(233, 'Tomás Vega', 11111343, 2, 10),
(234, 'James Ibarra', 11111344, 2, 10),
(235, 'Agustín Johnson', 11111345, 2, 10),
(236, 'Scarlett Sosa', 11111346, 3, 10),
(237, 'Emily Ramírez', 11111347, 3, 10),
(238, 'Valentina Álvarez', 11111348, 3, 10),
(239, 'Santiago Williams', 11111349, 3, 10),
(240, 'Simón White', 11111350, 3, 10),
(241, 'Joaquín Wilson', 11111351, 4, 10),
(242, 'Evelyn Flores', 11111352, 4, 10),
(243, 'Abril Medina', 11111353, 4, 10),
(244, 'Alma Flores', 11111354, 4, 10),
(245, 'Martina Robinson', 11111355, 4, 10),
(246, 'Emily Flores', 11111356, 5, 10),
(247, 'Emma Martínez', 11111357, 5, 10),
(248, 'Emiliano Garcia', 11111358, 5, 10),
(249, 'Simón Romero', 11111359, 5, 10),
(250, 'Charlotte Robinson', 11111360, 5, 10);

-- --------------------------------------------------------

--
-- Estructura de tabla para la tabla `inscripciones`
--

CREATE TABLE `inscripciones` (
  `id_inscripcion` int(11) NOT NULL,
  `id_alumno` int(11) NOT NULL,
  `id_materia` int(11) NOT NULL
) ENGINE=InnoDB DEFAULT CHARSET=utf8mb4 COLLATE=utf8mb4_general_ci;

--
-- Volcado de datos para la tabla `inscripciones`
--

INSERT INTO `inscripciones` (`id_inscripcion`, `id_alumno`, `id_materia`) VALUES
(1, 1, 1),
(2, 1, 2),
(3, 1, 3),
(4, 1, 4),
(5, 1, 5),
(6, 1, 6),
(7, 1, 7),
(8, 1, 8),
(9, 1, 9),
(10, 1, 10),
(11, 1, 11),
(12, 2, 1),
(13, 2, 2),
(14, 2, 3),
(15, 2, 4),
(16, 2, 5),
(17, 2, 6),
(18, 2, 7),
(19, 2, 8),
(20, 2, 9),
(21, 2, 10),
(22, 2, 11),
(23, 3, 1),
(24, 3, 2),
(25, 3, 3),
(26, 3, 4),
(27, 3, 5),
(28, 3, 6),
(29, 3, 7),
(30, 3, 8),
(31, 3, 9),
(32, 3, 10),
(33, 3, 11),
(34, 4, 1),
(35, 4, 2),
(36, 4, 3),
(37, 4, 4),
(38, 4, 5),
(39, 4, 6),
(40, 4, 7),
(41, 4, 8),
(42, 4, 9),
(43, 4, 10),
(44, 4, 11),
(45, 5, 1),
(46, 5, 2),
(47, 5, 3),
(48, 5, 4),
(49, 5, 5),
(50, 5, 6),
(51, 5, 7),
(52, 5, 8),
(53, 5, 9),
(54, 5, 10),
(55, 5, 11),
(56, 6, 12),
(57, 6, 13),
(58, 6, 14),
(59, 6, 15),
(60, 6, 16),
(61, 6, 17),
(62, 6, 18),
(63, 6, 19),
(64, 6, 20),
(65, 6, 21),
(66, 6, 22),
(67, 7, 12),
(68, 7, 13),
(69, 7, 14),
(70, 7, 15),
(71, 7, 16),
(72, 7, 17),
(73, 7, 18),
(74, 7, 19),
(75, 7, 20),
(76, 7, 21),
(77, 7, 22),
(78, 8, 12),
(79, 8, 13),
(80, 8, 14),
(81, 8, 15),
(82, 8, 16),
(83, 8, 17),
(84, 8, 18),
(85, 8, 19),
(86, 8, 20),
(87, 8, 21),
(88, 8, 22),
(89, 9, 12),
(90, 9, 13),
(91, 9, 14),
(92, 9, 15),
(93, 9, 16),
(94, 9, 17),
(95, 9, 18),
(96, 9, 19),
(97, 9, 20),
(98, 9, 21),
(99, 9, 22),
(100, 10, 12),
(101, 10, 13),
(102, 10, 14),
(103, 10, 15),
(104, 10, 16),
(105, 10, 17),
(106, 10, 18),
(107, 10, 19),
(108, 10, 20),
(109, 10, 21),
(110, 10, 22),
(111, 11, 23),
(112, 11, 24),
(113, 11, 25),
(114, 11, 26),
(115, 11, 27),
(116, 11, 28),
(117, 11, 29),
(118, 11, 30),
(119, 11, 31),
(120, 11, 32),
(121, 11, 33),
(122, 12, 23),
(123, 12, 24),
(124, 12, 25),
(125, 12, 26),
(126, 12, 27),
(127, 12, 28),
(128, 12, 29),
(129, 12, 30),
(130, 12, 31),
(131, 12, 32),
(132, 12, 33),
(133, 13, 23),
(134, 13, 24),
(135, 13, 25),
(136, 13, 26),
(137, 13, 27),
(138, 13, 28),
(139, 13, 29),
(140, 13, 30),
(141, 13, 31),
(142, 13, 32),
(143, 13, 33),
(144, 14, 23),
(145, 14, 24),
(146, 14, 25),
(147, 14, 26),
(148, 14, 27),
(149, 14, 28),
(150, 14, 29),
(151, 14, 30),
(152, 14, 31),
(153, 14, 32),
(154, 14, 33),
(155, 15, 23),
(156, 15, 24),
(157, 15, 25),
(158, 15, 26),
(159, 15, 27),
(160, 15, 28),
(161, 15, 29),
(162, 15, 30),
(163, 15, 31),
(164, 15, 32),
(165, 15, 33),
(166, 16, 34),
(167, 16, 35),
(168, 16, 36),
(169, 16, 37),
(170, 16, 38),
(171, 16, 39),
(172, 16, 40),
(173, 16, 41),
(174, 16, 42),
(175, 16, 43),
(176, 16, 44),
(177, 17, 34),
(178, 17, 35),
(179, 17, 36),
(180, 17, 37),
(181, 17, 38),
(182, 17, 39),
(183, 17, 40),
(184, 17, 41),
(185, 17, 42),
(186, 17, 43),
(187, 17, 44),
(188, 18, 34),
(189, 18, 35),
(190, 18, 36),
(191, 18, 37),
(192, 18, 38),
(193, 18, 39),
(194, 18, 40),
(195, 18, 41),
(196, 18, 42),
(197, 18, 43),
(198, 18, 44),
(199, 19, 34),
(200, 19, 35),
(201, 19, 36),
(202, 19, 37),
(203, 19, 38),
(204, 19, 39),
(205, 19, 40),
(206, 19, 41),
(207, 19, 42),
(208, 19, 43),
(209, 19, 44),
(210, 20, 34),
(211, 20, 35),
(212, 20, 36),
(213, 20, 37),
(214, 20, 38),
(215, 20, 39),
(216, 20, 40),
(217, 20, 41),
(218, 20, 42),
(219, 20, 43),
(220, 20, 44),
(221, 21, 45),
(222, 21, 46),
(223, 21, 47),
(224, 21, 48),
(225, 21, 49),
(226, 21, 50),
(227, 21, 51),
(228, 21, 52),
(229, 21, 53),
(230, 21, 54),
(231, 21, 55),
(232, 22, 45),
(233, 22, 46),
(234, 22, 47),
(235, 22, 48),
(236, 22, 49),
(237, 22, 50),
(238, 22, 51),
(239, 22, 52),
(240, 22, 53),
(241, 22, 54),
(242, 22, 55),
(243, 23, 45),
(244, 23, 46),
(245, 23, 47),
(246, 23, 48),
(247, 23, 49),
(248, 23, 50),
(249, 23, 51),
(250, 23, 52),
(251, 23, 53),
(252, 23, 54),
(253, 23, 55),
(254, 24, 45),
(255, 24, 46),
(256, 24, 47),
(257, 24, 48),
(258, 24, 49),
(259, 24, 50),
(260, 24, 51),
(261, 24, 52),
(262, 24, 53),
(263, 24, 54),
(264, 24, 55),
(265, 25, 45),
(266, 25, 46),
(267, 25, 47),
(268, 25, 48),
(269, 25, 49),
(270, 25, 50),
(271, 25, 51),
(272, 25, 52),
(273, 25, 53),
(274, 25, 54),
(275, 25, 55),
(276, 26, 1),
(277, 26, 2),
(278, 26, 3),
(279, 26, 4),
(280, 26, 5),
(281, 26, 6),
(282, 26, 7),
(283, 26, 8),
(284, 26, 9),
(285, 26, 10),
(286, 26, 11),
(287, 27, 1),
(288, 27, 2),
(289, 27, 3),
(290, 27, 4),
(291, 27, 5),
(292, 27, 6),
(293, 27, 7),
(294, 27, 8),
(295, 27, 9),
(296, 27, 10),
(297, 27, 11),
(298, 28, 1),
(299, 28, 2),
(300, 28, 3),
(301, 28, 4),
(302, 28, 5),
(303, 28, 6),
(304, 28, 7),
(305, 28, 8),
(306, 28, 9),
(307, 28, 10),
(308, 28, 11),
(309, 29, 1),
(310, 29, 2),
(311, 29, 3),
(312, 29, 4),
(313, 29, 5),
(314, 29, 6),
(315, 29, 7),
(316, 29, 8),
(317, 29, 9),
(318, 29, 10),
(319, 29, 11),
(320, 30, 1),
(321, 30, 2),
(322, 30, 3),
(323, 30, 4),
(324, 30, 5),
(325, 30, 6),
(326, 30, 7),
(327, 30, 8),
(328, 30, 9),
(329, 30, 10),
(330, 30, 11),
(331, 31, 12),
(332, 31, 13),
(333, 31, 14),
(334, 31, 15),
(335, 31, 16),
(336, 31, 17),
(337, 31, 18),
(338, 31, 19),
(339, 31, 20),
(340, 31, 21),
(341, 31, 22),
(342, 32, 12),
(343, 32, 13),
(344, 32, 14),
(345, 32, 15),
(346, 32, 16),
(347, 32, 17),
(348, 32, 18),
(349, 32, 19),
(350, 32, 20),
(351, 32, 21),
(352, 32, 22),
(353, 33, 12),
(354, 33, 13),
(355, 33, 14),
(356, 33, 15),
(357, 33, 16),
(358, 33, 17),
(359, 33, 18),
(360, 33, 19),
(361, 33, 20),
(362, 33, 21),
(363, 33, 22),
(364, 34, 12),
(365, 34, 13),
(366, 34, 14),
(367, 34, 15),
(368, 34, 16),
(369, 34, 17),
(370, 34, 18),
(371, 34, 19),
(372, 34, 20),
(373, 34, 21),
(374, 34, 22),
(375, 35, 12),
(376, 35, 13),
(377, 35, 14),
(378, 35, 15),
(379, 35, 16),
(380, 35, 17),
(381, 35, 18),
(382, 35, 19),
(383, 35, 20),
(384, 35, 21),
(385, 35, 22),
(386, 36, 23),
(387, 36, 24),
(388, 36, 25),
(389, 36, 26),
(390, 36, 27),
(391, 36, 28),
(392, 36, 29),
(393, 36, 30),
(394, 36, 31),
(395, 36, 32),
(396, 36, 33),
(397, 37, 23),
(398, 37, 24),
(399, 37, 25),
(400, 37, 26),
(401, 37, 27),
(402, 37, 28),
(403, 37, 29),
(404, 37, 30),
(405, 37, 31),
(406, 37, 32),
(407, 37, 33),
(408, 38, 23),
(409, 38, 24),
(410, 38, 25),
(411, 38, 26),
(412, 38, 27),
(413, 38, 28),
(414, 38, 29),
(415, 38, 30),
(416, 38, 31),
(417, 38, 32),
(418, 38, 33),
(419, 39, 23),
(420, 39, 24),
(421, 39, 25),
(422, 39, 26),
(423, 39, 27),
(424, 39, 28),
(425, 39, 29),
(426, 39, 30),
(427, 39, 31),
(428, 39, 32),
(429, 39, 33),
(430, 40, 23),
(431, 40, 24),
(432, 40, 25),
(433, 40, 26),
(434, 40, 27),
(435, 40, 28),
(436, 40, 29),
(437, 40, 30),
(438, 40, 31),
(439, 40, 32),
(440, 40, 33),
(441, 41, 34),
(442, 41, 35),
(443, 41, 36),
(444, 41, 37),
(445, 41, 38),
(446, 41, 39),
(447, 41, 40),
(448, 41, 41),
(449, 41, 42),
(450, 41, 43),
(451, 41, 44),
(452, 42, 34),
(453, 42, 35),
(454, 42, 36),
(455, 42, 37),
(456, 42, 38),
(457, 42, 39),
(458, 42, 40),
(459, 42, 41),
(460, 42, 42),
(461, 42, 43),
(462, 42, 44),
(463, 43, 34),
(464, 43, 35),
(465, 43, 36),
(466, 43, 37),
(467, 43, 38),
(468, 43, 39),
(469, 43, 40),
(470, 43, 41),
(471, 43, 42),
(472, 43, 43),
(473, 43, 44),
(474, 44, 34),
(475, 44, 35),
(476, 44, 36),
(477, 44, 37),
(478, 44, 38),
(479, 44, 39),
(480, 44, 40),
(481, 44, 41),
(482, 44, 42),
(483, 44, 43),
(484, 44, 44),
(485, 45, 34),
(486, 45, 35),
(487, 45, 36),
(488, 45, 37),
(489, 45, 38),
(490, 45, 39),
(491, 45, 40),
(492, 45, 41),
(493, 45, 42),
(494, 45, 43),
(495, 45, 44),
(496, 46, 45),
(497, 46, 46),
(498, 46, 47),
(499, 46, 48),
(500, 46, 49),
(501, 46, 50),
(502, 46, 51),
(503, 46, 52),
(504, 46, 53),
(505, 46, 54),
(506, 46, 55),
(507, 47, 45),
(508, 47, 46),
(509, 47, 47),
(510, 47, 48),
(511, 47, 49),
(512, 47, 50),
(513, 47, 51),
(514, 47, 52),
(515, 47, 53),
(516, 47, 54),
(517, 47, 55),
(518, 48, 45),
(519, 48, 46),
(520, 48, 47),
(521, 48, 48),
(522, 48, 49),
(523, 48, 50),
(524, 48, 51),
(525, 48, 52),
(526, 48, 53),
(527, 48, 54),
(528, 48, 55),
(529, 49, 45),
(530, 49, 46),
(531, 49, 47),
(532, 49, 48),
(533, 49, 49),
(534, 49, 50),
(535, 49, 51),
(536, 49, 52),
(537, 49, 53),
(538, 49, 54),
(539, 49, 55),
(540, 50, 45),
(541, 50, 46),
(542, 50, 47),
(543, 50, 48),
(544, 50, 49),
(545, 50, 50),
(546, 50, 51),
(547, 50, 52),
(548, 50, 53),
(549, 50, 54),
(550, 50, 55),
(551, 51, 1),
(552, 51, 2),
(553, 51, 3),
(554, 51, 4),
(555, 51, 5),
(556, 51, 6),
(557, 51, 7),
(558, 51, 8),
(559, 51, 9),
(560, 51, 10),
(561, 51, 11),
(562, 52, 1),
(563, 52, 2),
(564, 52, 3),
(565, 52, 4),
(566, 52, 5),
(567, 52, 6),
(568, 52, 7),
(569, 52, 8),
(570, 52, 9),
(571, 52, 10),
(572, 52, 11),
(573, 53, 1),
(574, 53, 2),
(575, 53, 3),
(576, 53, 4),
(577, 53, 5),
(578, 53, 6),
(579, 53, 7),
(580, 53, 8),
(581, 53, 9),
(582, 53, 10),
(583, 53, 11),
(584, 54, 1),
(585, 54, 2),
(586, 54, 3),
(587, 54, 4),
(588, 54, 5),
(589, 54, 6),
(590, 54, 7),
(591, 54, 8),
(592, 54, 9),
(593, 54, 10),
(594, 54, 11),
(595, 55, 1),
(596, 55, 2),
(597, 55, 3),
(598, 55, 4),
(599, 55, 5),
(600, 55, 6),
(601, 55, 7),
(602, 55, 8),
(603, 55, 9),
(604, 55, 10),
(605, 55, 11),
(606, 56, 12),
(607, 56, 13),
(608, 56, 14),
(609, 56, 15),
(610, 56, 16),
(611, 56, 17),
(612, 56, 18),
(613, 56, 19),
(614, 56, 20),
(615, 56, 21),
(616, 56, 22),
(617, 57, 12),
(618, 57, 13),
(619, 57, 14),
(620, 57, 15),
(621, 57, 16),
(622, 57, 17),
(623, 57, 18),
(624, 57, 19),
(625, 57, 20),
(626, 57, 21),
(627, 57, 22),
(628, 58, 12),
(629, 58, 13),
(630, 58, 14),
(631, 58, 15),
(632, 58, 16),
(633, 58, 17),
(634, 58, 18),
(635, 58, 19),
(636, 58, 20),
(637, 58, 21),
(638, 58, 22),
(639, 59, 12),
(640, 59, 13),
(641, 59, 14),
(642, 59, 15),
(643, 59, 16),
(644, 59, 17),
(645, 59, 18),
(646, 59, 19),
(647, 59, 20),
(648, 59, 21),
(649, 59, 22),
(650, 60, 12),
(651, 60, 13),
(652, 60, 14),
(653, 60, 15),
(654, 60, 16),
(655, 60, 17),
(656, 60, 18),
(657, 60, 19),
(658, 60, 20),
(659, 60, 21),
(660, 60, 22),
(661, 61, 23),
(662, 61, 24),
(663, 61, 25),
(664, 61, 26),
(665, 61, 27),
(666, 61, 28),
(667, 61, 29),
(668, 61, 30),
(669, 61, 31),
(670, 61, 32),
(671, 61, 33),
(672, 62, 23),
(673, 62, 24),
(674, 62, 25),
(675, 62, 26),
(676, 62, 27),
(677, 62, 28),
(678, 62, 29),
(679, 62, 30),
(680, 62, 31),
(681, 62, 32),
(682, 62, 33),
(683, 63, 23),
(684, 63, 24),
(685, 63, 25),
(686, 63, 26),
(687, 63, 27),
(688, 63, 28),
(689, 63, 29),
(690, 63, 30),
(691, 63, 31),
(692, 63, 32),
(693, 63, 33),
(694, 64, 23),
(695, 64, 24),
(696, 64, 25),
(697, 64, 26),
(698, 64, 27),
(699, 64, 28),
(700, 64, 29),
(701, 64, 30),
(702, 64, 31),
(703, 64, 32),
(704, 64, 33),
(705, 65, 23),
(706, 65, 24),
(707, 65, 25),
(708, 65, 26),
(709, 65, 27),
(710, 65, 28),
(711, 65, 29),
(712, 65, 30),
(713, 65, 31),
(714, 65, 32),
(715, 65, 33),
(716, 66, 34),
(717, 66, 35),
(718, 66, 36),
(719, 66, 37),
(720, 66, 38),
(721, 66, 39),
(722, 66, 40),
(723, 66, 41),
(724, 66, 42),
(725, 66, 43),
(726, 66, 44),
(727, 67, 34),
(728, 67, 35),
(729, 67, 36),
(730, 67, 37),
(731, 67, 38),
(732, 67, 39),
(733, 67, 40),
(734, 67, 41),
(735, 67, 42),
(736, 67, 43),
(737, 67, 44),
(738, 68, 34),
(739, 68, 35),
(740, 68, 36),
(741, 68, 37),
(742, 68, 38),
(743, 68, 39),
(744, 68, 40),
(745, 68, 41),
(746, 68, 42),
(747, 68, 43),
(748, 68, 44),
(749, 69, 34),
(750, 69, 35),
(751, 69, 36),
(752, 69, 37),
(753, 69, 38),
(754, 69, 39),
(755, 69, 40),
(756, 69, 41),
(757, 69, 42),
(758, 69, 43),
(759, 69, 44),
(760, 70, 34),
(761, 70, 35),
(762, 70, 36),
(763, 70, 37),
(764, 70, 38),
(765, 70, 39),
(766, 70, 40),
(767, 70, 41),
(768, 70, 42),
(769, 70, 43),
(770, 70, 44),
(771, 71, 45),
(772, 71, 46),
(773, 71, 47),
(774, 71, 48),
(775, 71, 49),
(776, 71, 50),
(777, 71, 51),
(778, 71, 52),
(779, 71, 53),
(780, 71, 54),
(781, 71, 55),
(782, 72, 45),
(783, 72, 46),
(784, 72, 47),
(785, 72, 48),
(786, 72, 49),
(787, 72, 50),
(788, 72, 51),
(789, 72, 52),
(790, 72, 53),
(791, 72, 54),
(792, 72, 55),
(793, 73, 45),
(794, 73, 46),
(795, 73, 47),
(796, 73, 48),
(797, 73, 49),
(798, 73, 50),
(799, 73, 51),
(800, 73, 52),
(801, 73, 53),
(802, 73, 54),
(803, 73, 55),
(804, 74, 45),
(805, 74, 46),
(806, 74, 47),
(807, 74, 48),
(808, 74, 49),
(809, 74, 50),
(810, 74, 51),
(811, 74, 52),
(812, 74, 53),
(813, 74, 54),
(814, 74, 55),
(815, 75, 45),
(816, 75, 46),
(817, 75, 47),
(818, 75, 48),
(819, 75, 49),
(820, 75, 50),
(821, 75, 51),
(822, 75, 52),
(823, 75, 53),
(824, 75, 54),
(825, 75, 55),
(826, 76, 1),
(827, 76, 2),
(828, 76, 3),
(829, 76, 4),
(830, 76, 5),
(831, 76, 6),
(832, 76, 7),
(833, 76, 8),
(834, 76, 9),
(835, 76, 10),
(836, 76, 11),
(837, 77, 1),
(838, 77, 2),
(839, 77, 3),
(840, 77, 4),
(841, 77, 5),
(842, 77, 6),
(843, 77, 7),
(844, 77, 8),
(845, 77, 9),
(846, 77, 10),
(847, 77, 11),
(848, 78, 1),
(849, 78, 2),
(850, 78, 3),
(851, 78, 4),
(852, 78, 5),
(853, 78, 6),
(854, 78, 7),
(855, 78, 8),
(856, 78, 9),
(857, 78, 10),
(858, 78, 11),
(859, 79, 1),
(860, 79, 2),
(861, 79, 3),
(862, 79, 4),
(863, 79, 5),
(864, 79, 6),
(865, 79, 7),
(866, 79, 8),
(867, 79, 9),
(868, 79, 10),
(869, 79, 11),
(870, 80, 1),
(871, 80, 2),
(872, 80, 3),
(873, 80, 4),
(874, 80, 5),
(875, 80, 6),
(876, 80, 7),
(877, 80, 8),
(878, 80, 9),
(879, 80, 10),
(880, 80, 11),
(881, 81, 12),
(882, 81, 13),
(883, 81, 14),
(884, 81, 15),
(885, 81, 16),
(886, 81, 17),
(887, 81, 18),
(888, 81, 19),
(889, 81, 20),
(890, 81, 21),
(891, 81, 22),
(892, 82, 12),
(893, 82, 13),
(894, 82, 14),
(895, 82, 15),
(896, 82, 16),
(897, 82, 17),
(898, 82, 18),
(899, 82, 19),
(900, 82, 20),
(901, 82, 21),
(902, 82, 22),
(903, 83, 12),
(904, 83, 13),
(905, 83, 14),
(906, 83, 15),
(907, 83, 16),
(908, 83, 17),
(909, 83, 18),
(910, 83, 19),
(911, 83, 20),
(912, 83, 21),
(913, 83, 22),
(914, 84, 12),
(915, 84, 13),
(916, 84, 14),
(917, 84, 15),
(918, 84, 16),
(919, 84, 17),
(920, 84, 18),
(921, 84, 19),
(922, 84, 20),
(923, 84, 21),
(924, 84, 22),
(925, 85, 12),
(926, 85, 13),
(927, 85, 14),
(928, 85, 15),
(929, 85, 16),
(930, 85, 17),
(931, 85, 18),
(932, 85, 19),
(933, 85, 20),
(934, 85, 21),
(935, 85, 22),
(936, 86, 23),
(937, 86, 24),
(938, 86, 25),
(939, 86, 26),
(940, 86, 27),
(941, 86, 28),
(942, 86, 29),
(943, 86, 30),
(944, 86, 31),
(945, 86, 32),
(946, 86, 33),
(947, 87, 23),
(948, 87, 24),
(949, 87, 25),
(950, 87, 26),
(951, 87, 27),
(952, 87, 28),
(953, 87, 29),
(954, 87, 30),
(955, 87, 31),
(956, 87, 32),
(957, 87, 33),
(958, 88, 23),
(959, 88, 24),
(960, 88, 25),
(961, 88, 26),
(962, 88, 27),
(963, 88, 28),
(964, 88, 29),
(965, 88, 30),
(966, 88, 31),
(967, 88, 32),
(968, 88, 33),
(969, 89, 23),
(970, 89, 24),
(971, 89, 25),
(972, 89, 26),
(973, 89, 27),
(974, 89, 28),
(975, 89, 29),
(976, 89, 30),
(977, 89, 31),
(978, 89, 32),
(979, 89, 33),
(980, 90, 23),
(981, 90, 24),
(982, 90, 25),
(983, 90, 26),
(984, 90, 27),
(985, 90, 28),
(986, 90, 29),
(987, 90, 30),
(988, 90, 31),
(989, 90, 32),
(990, 90, 33),
(991, 91, 34),
(992, 91, 35),
(993, 91, 36),
(994, 91, 37),
(995, 91, 38),
(996, 91, 39),
(997, 91, 40),
(998, 91, 41),
(999, 91, 42),
(1000, 91, 43),
(1001, 91, 44),
(1002, 92, 34),
(1003, 92, 35),
(1004, 92, 36),
(1005, 92, 37),
(1006, 92, 38),
(1007, 92, 39),
(1008, 92, 40),
(1009, 92, 41),
(1010, 92, 42),
(1011, 92, 43),
(1012, 92, 44),
(1013, 93, 34),
(1014, 93, 35),
(1015, 93, 36),
(1016, 93, 37),
(1017, 93, 38),
(1018, 93, 39),
(1019, 93, 40),
(1020, 93, 41),
(1021, 93, 42),
(1022, 93, 43),
(1023, 93, 44),
(1024, 94, 34),
(1025, 94, 35),
(1026, 94, 36),
(1027, 94, 37),
(1028, 94, 38),
(1029, 94, 39),
(1030, 94, 40),
(1031, 94, 41),
(1032, 94, 42),
(1033, 94, 43),
(1034, 94, 44),
(1035, 95, 34),
(1036, 95, 35),
(1037, 95, 36),
(1038, 95, 37),
(1039, 95, 38),
(1040, 95, 39),
(1041, 95, 40),
(1042, 95, 41),
(1043, 95, 42),
(1044, 95, 43),
(1045, 95, 44),
(1046, 96, 45),
(1047, 96, 46),
(1048, 96, 47),
(1049, 96, 48),
(1050, 96, 49),
(1051, 96, 50),
(1052, 96, 51),
(1053, 96, 52),
(1054, 96, 53),
(1055, 96, 54),
(1056, 96, 55),
(1057, 97, 45),
(1058, 97, 46),
(1059, 97, 47),
(1060, 97, 48),
(1061, 97, 49),
(1062, 97, 50),
(1063, 97, 51),
(1064, 97, 52),
(1065, 97, 53),
(1066, 97, 54),
(1067, 97, 55),
(1068, 98, 45),
(1069, 98, 46),
(1070, 98, 47),
(1071, 98, 48),
(1072, 98, 49),
(1073, 98, 50),
(1074, 98, 51),
(1075, 98, 52),
(1076, 98, 53),
(1077, 98, 54),
(1078, 98, 55),
(1079, 99, 45),
(1080, 99, 46),
(1081, 99, 47),
(1082, 99, 48),
(1083, 99, 49),
(1084, 99, 50),
(1085, 99, 51),
(1086, 99, 52),
(1087, 99, 53),
(1088, 99, 54),
(1089, 99, 55),
(1090, 100, 45),
(1091, 100, 46),
(1092, 100, 47),
(1093, 100, 48),
(1094, 100, 49),
(1095, 100, 50),
(1096, 100, 51),
(1097, 100, 52),
(1098, 100, 53),
(1099, 100, 54),
(1100, 100, 55),
(1101, 101, 1),
(1102, 101, 2),
(1103, 101, 3),
(1104, 101, 4),
(1105, 101, 5),
(1106, 101, 6),
(1107, 101, 7),
(1108, 101, 8),
(1109, 101, 9),
(1110, 101, 10),
(1111, 101, 11),
(1112, 102, 1),
(1113, 102, 2),
(1114, 102, 3),
(1115, 102, 4),
(1116, 102, 5),
(1117, 102, 6),
(1118, 102, 7),
(1119, 102, 8),
(1120, 102, 9),
(1121, 102, 10),
(1122, 102, 11),
(1123, 103, 1),
(1124, 103, 2),
(1125, 103, 3),
(1126, 103, 4),
(1127, 103, 5),
(1128, 103, 6),
(1129, 103, 7),
(1130, 103, 8),
(1131, 103, 9),
(1132, 103, 10),
(1133, 103, 11),
(1134, 104, 1),
(1135, 104, 2),
(1136, 104, 3),
(1137, 104, 4),
(1138, 104, 5),
(1139, 104, 6),
(1140, 104, 7),
(1141, 104, 8),
(1142, 104, 9),
(1143, 104, 10),
(1144, 104, 11),
(1145, 105, 1),
(1146, 105, 2),
(1147, 105, 3),
(1148, 105, 4),
(1149, 105, 5),
(1150, 105, 6),
(1151, 105, 7),
(1152, 105, 8),
(1153, 105, 9),
(1154, 105, 10),
(1155, 105, 11),
(1156, 106, 12),
(1157, 106, 13),
(1158, 106, 14),
(1159, 106, 15),
(1160, 106, 16),
(1161, 106, 17),
(1162, 106, 18),
(1163, 106, 19),
(1164, 106, 20),
(1165, 106, 21),
(1166, 106, 22),
(1167, 107, 12),
(1168, 107, 13),
(1169, 107, 14),
(1170, 107, 15),
(1171, 107, 16),
(1172, 107, 17),
(1173, 107, 18),
(1174, 107, 19),
(1175, 107, 20),
(1176, 107, 21),
(1177, 107, 22),
(1178, 108, 12),
(1179, 108, 13),
(1180, 108, 14),
(1181, 108, 15),
(1182, 108, 16),
(1183, 108, 17),
(1184, 108, 18),
(1185, 108, 19),
(1186, 108, 20),
(1187, 108, 21),
(1188, 108, 22),
(1189, 109, 12),
(1190, 109, 13),
(1191, 109, 14),
(1192, 109, 15),
(1193, 109, 16),
(1194, 109, 17),
(1195, 109, 18),
(1196, 109, 19),
(1197, 109, 20),
(1198, 109, 21),
(1199, 109, 22),
(1200, 110, 12),
(1201, 110, 13),
(1202, 110, 14),
(1203, 110, 15),
(1204, 110, 16),
(1205, 110, 17),
(1206, 110, 18),
(1207, 110, 19),
(1208, 110, 20),
(1209, 110, 21),
(1210, 110, 22),
(1211, 111, 23),
(1212, 111, 24),
(1213, 111, 25),
(1214, 111, 26),
(1215, 111, 27),
(1216, 111, 28),
(1217, 111, 29),
(1218, 111, 30),
(1219, 111, 31),
(1220, 111, 32),
(1221, 111, 33),
(1222, 112, 23),
(1223, 112, 24),
(1224, 112, 25),
(1225, 112, 26),
(1226, 112, 27),
(1227, 112, 28),
(1228, 112, 29),
(1229, 112, 30),
(1230, 112, 31),
(1231, 112, 32),
(1232, 112, 33),
(1233, 113, 23),
(1234, 113, 24),
(1235, 113, 25),
(1236, 113, 26),
(1237, 113, 27),
(1238, 113, 28),
(1239, 113, 29),
(1240, 113, 30),
(1241, 113, 31),
(1242, 113, 32),
(1243, 113, 33),
(1244, 114, 23),
(1245, 114, 24),
(1246, 114, 25),
(1247, 114, 26),
(1248, 114, 27),
(1249, 114, 28),
(1250, 114, 29),
(1251, 114, 30),
(1252, 114, 31),
(1253, 114, 32),
(1254, 114, 33),
(1255, 115, 23),
(1256, 115, 24),
(1257, 115, 25),
(1258, 115, 26),
(1259, 115, 27),
(1260, 115, 28),
(1261, 115, 29),
(1262, 115, 30),
(1263, 115, 31),
(1264, 115, 32),
(1265, 115, 33),
(1266, 116, 34),
(1267, 116, 35),
(1268, 116, 36),
(1269, 116, 37),
(1270, 116, 38),
(1271, 116, 39),
(1272, 116, 40),
(1273, 116, 41),
(1274, 116, 42),
(1275, 116, 43),
(1276, 116, 44),
(1277, 117, 34),
(1278, 117, 35),
(1279, 117, 36),
(1280, 117, 37),
(1281, 117, 38),
(1282, 117, 39),
(1283, 117, 40),
(1284, 117, 41),
(1285, 117, 42),
(1286, 117, 43),
(1287, 117, 44),
(1288, 118, 34),
(1289, 118, 35),
(1290, 118, 36),
(1291, 118, 37),
(1292, 118, 38),
(1293, 118, 39),
(1294, 118, 40),
(1295, 118, 41),
(1296, 118, 42),
(1297, 118, 43),
(1298, 118, 44),
(1299, 119, 34),
(1300, 119, 35),
(1301, 119, 36),
(1302, 119, 37),
(1303, 119, 38),
(1304, 119, 39),
(1305, 119, 40),
(1306, 119, 41),
(1307, 119, 42),
(1308, 119, 43),
(1309, 119, 44),
(1310, 120, 34),
(1311, 120, 35),
(1312, 120, 36),
(1313, 120, 37),
(1314, 120, 38),
(1315, 120, 39),
(1316, 120, 40),
(1317, 120, 41),
(1318, 120, 42),
(1319, 120, 43),
(1320, 120, 44),
(1321, 121, 45),
(1322, 121, 46),
(1323, 121, 47),
(1324, 121, 48),
(1325, 121, 49),
(1326, 121, 50),
(1327, 121, 51),
(1328, 121, 52),
(1329, 121, 53),
(1330, 121, 54),
(1331, 121, 55),
(1332, 122, 45),
(1333, 122, 46),
(1334, 122, 47),
(1335, 122, 48),
(1336, 122, 49),
(1337, 122, 50),
(1338, 122, 51),
(1339, 122, 52),
(1340, 122, 53),
(1341, 122, 54),
(1342, 122, 55),
(1343, 123, 45),
(1344, 123, 46),
(1345, 123, 47),
(1346, 123, 48),
(1347, 123, 49),
(1348, 123, 50),
(1349, 123, 51),
(1350, 123, 52),
(1351, 123, 53),
(1352, 123, 54),
(1353, 123, 55),
(1354, 124, 45),
(1355, 124, 46),
(1356, 124, 47),
(1357, 124, 48),
(1358, 124, 49),
(1359, 124, 50),
(1360, 124, 51),
(1361, 124, 52),
(1362, 124, 53),
(1363, 124, 54),
(1364, 124, 55),
(1365, 125, 45),
(1366, 125, 46),
(1367, 125, 47),
(1368, 125, 48),
(1369, 125, 49),
(1370, 125, 50),
(1371, 125, 51),
(1372, 125, 52),
(1373, 125, 53),
(1374, 125, 54),
(1375, 125, 55),
(1376, 126, 1),
(1377, 126, 2),
(1378, 126, 3),
(1379, 126, 4),
(1380, 126, 5),
(1381, 126, 6),
(1382, 126, 7),
(1383, 126, 8),
(1384, 126, 9),
(1385, 126, 10),
(1386, 126, 11),
(1387, 127, 1),
(1388, 127, 2),
(1389, 127, 3),
(1390, 127, 4),
(1391, 127, 5),
(1392, 127, 6),
(1393, 127, 7),
(1394, 127, 8),
(1395, 127, 9),
(1396, 127, 10),
(1397, 127, 11),
(1398, 128, 1),
(1399, 128, 2),
(1400, 128, 3),
(1401, 128, 4),
(1402, 128, 5),
(1403, 128, 6),
(1404, 128, 7),
(1405, 128, 8),
(1406, 128, 9),
(1407, 128, 10),
(1408, 128, 11),
(1409, 129, 1),
(1410, 129, 2),
(1411, 129, 3),
(1412, 129, 4),
(1413, 129, 5),
(1414, 129, 6),
(1415, 129, 7),
(1416, 129, 8),
(1417, 129, 9),
(1418, 129, 10),
(1419, 129, 11),
(1420, 130, 1),
(1421, 130, 2),
(1422, 130, 3),
(1423, 130, 4),
(1424, 130, 5),
(1425, 130, 6),
(1426, 130, 7),
(1427, 130, 8),
(1428, 130, 9),
(1429, 130, 10),
(1430, 130, 11),
(1431, 131, 12),
(1432, 131, 13),
(1433, 131, 14),
(1434, 131, 15),
(1435, 131, 16),
(1436, 131, 17),
(1437, 131, 18),
(1438, 131, 19),
(1439, 131, 20),
(1440, 131, 21),
(1441, 131, 22),
(1442, 132, 12),
(1443, 132, 13),
(1444, 132, 14),
(1445, 132, 15),
(1446, 132, 16),
(1447, 132, 17),
(1448, 132, 18),
(1449, 132, 19),
(1450, 132, 20),
(1451, 132, 21),
(1452, 132, 22),
(1453, 133, 12),
(1454, 133, 13),
(1455, 133, 14),
(1456, 133, 15),
(1457, 133, 16),
(1458, 133, 17),
(1459, 133, 18),
(1460, 133, 19),
(1461, 133, 20),
(1462, 133, 21),
(1463, 133, 22),
(1464, 134, 12),
(1465, 134, 13),
(1466, 134, 14),
(1467, 134, 15),
(1468, 134, 16),
(1469, 134, 17),
(1470, 134, 18),
(1471, 134, 19),
(1472, 134, 20),
(1473, 134, 21),
(1474, 134, 22),
(1475, 135, 12),
(1476, 135, 13),
(1477, 135, 14),
(1478, 135, 15),
(1479, 135, 16),
(1480, 135, 17),
(1481, 135, 18),
(1482, 135, 19),
(1483, 135, 20),
(1484, 135, 21),
(1485, 135, 22),
(1486, 136, 23),
(1487, 136, 24),
(1488, 136, 25),
(1489, 136, 26),
(1490, 136, 27),
(1491, 136, 28),
(1492, 136, 29),
(1493, 136, 30),
(1494, 136, 31),
(1495, 136, 32),
(1496, 136, 33),
(1497, 137, 23),
(1498, 137, 24),
(1499, 137, 25),
(1500, 137, 26),
(1501, 137, 27),
(1502, 137, 28),
(1503, 137, 29),
(1504, 137, 30),
(1505, 137, 31),
(1506, 137, 32),
(1507, 137, 33),
(1508, 138, 23),
(1509, 138, 24),
(1510, 138, 25),
(1511, 138, 26),
(1512, 138, 27),
(1513, 138, 28),
(1514, 138, 29),
(1515, 138, 30),
(1516, 138, 31),
(1517, 138, 32),
(1518, 138, 33),
(1519, 139, 23),
(1520, 139, 24),
(1521, 139, 25),
(1522, 139, 26),
(1523, 139, 27),
(1524, 139, 28),
(1525, 139, 29),
(1526, 139, 30),
(1527, 139, 31),
(1528, 139, 32),
(1529, 139, 33),
(1530, 140, 23),
(1531, 140, 24),
(1532, 140, 25),
(1533, 140, 26),
(1534, 140, 27),
(1535, 140, 28),
(1536, 140, 29),
(1537, 140, 30),
(1538, 140, 31),
(1539, 140, 32),
(1540, 140, 33),
(1541, 141, 34),
(1542, 141, 35),
(1543, 141, 36),
(1544, 141, 37),
(1545, 141, 38),
(1546, 141, 39),
(1547, 141, 40),
(1548, 141, 41),
(1549, 141, 42),
(1550, 141, 43),
(1551, 141, 44),
(1552, 142, 34),
(1553, 142, 35),
(1554, 142, 36),
(1555, 142, 37),
(1556, 142, 38),
(1557, 142, 39),
(1558, 142, 40),
(1559, 142, 41),
(1560, 142, 42),
(1561, 142, 43),
(1562, 142, 44),
(1563, 143, 34),
(1564, 143, 35),
(1565, 143, 36),
(1566, 143, 37),
(1567, 143, 38),
(1568, 143, 39),
(1569, 143, 40),
(1570, 143, 41),
(1571, 143, 42),
(1572, 143, 43),
(1573, 143, 44),
(1574, 144, 34),
(1575, 144, 35),
(1576, 144, 36),
(1577, 144, 37),
(1578, 144, 38),
(1579, 144, 39),
(1580, 144, 40),
(1581, 144, 41),
(1582, 144, 42),
(1583, 144, 43),
(1584, 144, 44),
(1585, 145, 34),
(1586, 145, 35),
(1587, 145, 36),
(1588, 145, 37),
(1589, 145, 38),
(1590, 145, 39),
(1591, 145, 40),
(1592, 145, 41),
(1593, 145, 42),
(1594, 145, 43),
(1595, 145, 44),
(1596, 146, 45),
(1597, 146, 46),
(1598, 146, 47),
(1599, 146, 48),
(1600, 146, 49),
(1601, 146, 50),
(1602, 146, 51),
(1603, 146, 52),
(1604, 146, 53),
(1605, 146, 54),
(1606, 146, 55),
(1607, 147, 45),
(1608, 147, 46),
(1609, 147, 47),
(1610, 147, 48),
(1611, 147, 49),
(1612, 147, 50),
(1613, 147, 51),
(1614, 147, 52),
(1615, 147, 53),
(1616, 147, 54),
(1617, 147, 55),
(1618, 148, 45),
(1619, 148, 46),
(1620, 148, 47),
(1621, 148, 48),
(1622, 148, 49),
(1623, 148, 50),
(1624, 148, 51),
(1625, 148, 52),
(1626, 148, 53),
(1627, 148, 54),
(1628, 148, 55),
(1629, 149, 45),
(1630, 149, 46),
(1631, 149, 47),
(1632, 149, 48),
(1633, 149, 49),
(1634, 149, 50),
(1635, 149, 51),
(1636, 149, 52),
(1637, 149, 53),
(1638, 149, 54),
(1639, 149, 55),
(1640, 150, 45),
(1641, 150, 46),
(1642, 150, 47),
(1643, 150, 48),
(1644, 150, 49),
(1645, 150, 50),
(1646, 150, 51),
(1647, 150, 52),
(1648, 150, 53),
(1649, 150, 54),
(1650, 150, 55),
(1651, 151, 1),
(1652, 151, 2),
(1653, 151, 3),
(1654, 151, 4),
(1655, 151, 5),
(1656, 151, 6),
(1657, 151, 7),
(1658, 151, 8),
(1659, 151, 9),
(1660, 151, 10),
(1661, 151, 11),
(1662, 152, 1),
(1663, 152, 2),
(1664, 152, 3),
(1665, 152, 4),
(1666, 152, 5),
(1667, 152, 6),
(1668, 152, 7),
(1669, 152, 8),
(1670, 152, 9),
(1671, 152, 10),
(1672, 152, 11),
(1673, 153, 1),
(1674, 153, 2),
(1675, 153, 3),
(1676, 153, 4),
(1677, 153, 5),
(1678, 153, 6),
(1679, 153, 7),
(1680, 153, 8),
(1681, 153, 9),
(1682, 153, 10),
(1683, 153, 11),
(1684, 154, 1),
(1685, 154, 2),
(1686, 154, 3),
(1687, 154, 4),
(1688, 154, 5),
(1689, 154, 6),
(1690, 154, 7),
(1691, 154, 8),
(1692, 154, 9),
(1693, 154, 10),
(1694, 154, 11),
(1695, 155, 1),
(1696, 155, 2),
(1697, 155, 3),
(1698, 155, 4),
(1699, 155, 5),
(1700, 155, 6),
(1701, 155, 7),
(1702, 155, 8),
(1703, 155, 9),
(1704, 155, 10),
(1705, 155, 11),
(1706, 156, 12),
(1707, 156, 13),
(1708, 156, 14),
(1709, 156, 15),
(1710, 156, 16),
(1711, 156, 17),
(1712, 156, 18),
(1713, 156, 19),
(1714, 156, 20),
(1715, 156, 21),
(1716, 156, 22),
(1717, 157, 12),
(1718, 157, 13),
(1719, 157, 14),
(1720, 157, 15),
(1721, 157, 16),
(1722, 157, 17),
(1723, 157, 18),
(1724, 157, 19),
(1725, 157, 20),
(1726, 157, 21),
(1727, 157, 22),
(1728, 158, 12),
(1729, 158, 13),
(1730, 158, 14),
(1731, 158, 15),
(1732, 158, 16),
(1733, 158, 17),
(1734, 158, 18),
(1735, 158, 19),
(1736, 158, 20),
(1737, 158, 21),
(1738, 158, 22),
(1739, 159, 12),
(1740, 159, 13),
(1741, 159, 14),
(1742, 159, 15),
(1743, 159, 16),
(1744, 159, 17),
(1745, 159, 18),
(1746, 159, 19),
(1747, 159, 20),
(1748, 159, 21),
(1749, 159, 22),
(1750, 160, 12),
(1751, 160, 13),
(1752, 160, 14),
(1753, 160, 15),
(1754, 160, 16),
(1755, 160, 17),
(1756, 160, 18),
(1757, 160, 19),
(1758, 160, 20),
(1759, 160, 21),
(1760, 160, 22),
(1761, 161, 23),
(1762, 161, 24),
(1763, 161, 25),
(1764, 161, 26),
(1765, 161, 27),
(1766, 161, 28),
(1767, 161, 29),
(1768, 161, 30),
(1769, 161, 31),
(1770, 161, 32),
(1771, 161, 33),
(1772, 162, 23),
(1773, 162, 24),
(1774, 162, 25),
(1775, 162, 26),
(1776, 162, 27),
(1777, 162, 28),
(1778, 162, 29),
(1779, 162, 30),
(1780, 162, 31),
(1781, 162, 32),
(1782, 162, 33),
(1783, 163, 23),
(1784, 163, 24),
(1785, 163, 25),
(1786, 163, 26),
(1787, 163, 27),
(1788, 163, 28),
(1789, 163, 29),
(1790, 163, 30),
(1791, 163, 31),
(1792, 163, 32),
(1793, 163, 33),
(1794, 164, 23),
(1795, 164, 24),
(1796, 164, 25),
(1797, 164, 26),
(1798, 164, 27),
(1799, 164, 28),
(1800, 164, 29),
(1801, 164, 30),
(1802, 164, 31),
(1803, 164, 32),
(1804, 164, 33),
(1805, 165, 23),
(1806, 165, 24),
(1807, 165, 25),
(1808, 165, 26),
(1809, 165, 27),
(1810, 165, 28),
(1811, 165, 29),
(1812, 165, 30),
(1813, 165, 31),
(1814, 165, 32),
(1815, 165, 33),
(1816, 166, 34),
(1817, 166, 35),
(1818, 166, 36),
(1819, 166, 37),
(1820, 166, 38),
(1821, 166, 39),
(1822, 166, 40),
(1823, 166, 41),
(1824, 166, 42),
(1825, 166, 43),
(1826, 166, 44),
(1827, 167, 34),
(1828, 167, 35),
(1829, 167, 36),
(1830, 167, 37),
(1831, 167, 38),
(1832, 167, 39),
(1833, 167, 40),
(1834, 167, 41),
(1835, 167, 42),
(1836, 167, 43),
(1837, 167, 44),
(1838, 168, 34),
(1839, 168, 35),
(1840, 168, 36),
(1841, 168, 37),
(1842, 168, 38),
(1843, 168, 39),
(1844, 168, 40),
(1845, 168, 41),
(1846, 168, 42),
(1847, 168, 43),
(1848, 168, 44),
(1849, 169, 34),
(1850, 169, 35),
(1851, 169, 36),
(1852, 169, 37),
(1853, 169, 38),
(1854, 169, 39),
(1855, 169, 40),
(1856, 169, 41),
(1857, 169, 42),
(1858, 169, 43),
(1859, 169, 44),
(1860, 170, 34),
(1861, 170, 35),
(1862, 170, 36),
(1863, 170, 37),
(1864, 170, 38),
(1865, 170, 39),
(1866, 170, 40),
(1867, 170, 41),
(1868, 170, 42),
(1869, 170, 43),
(1870, 170, 44),
(1871, 171, 45),
(1872, 171, 46),
(1873, 171, 47),
(1874, 171, 48),
(1875, 171, 49),
(1876, 171, 50),
(1877, 171, 51),
(1878, 171, 52),
(1879, 171, 53),
(1880, 171, 54),
(1881, 171, 55),
(1882, 172, 45),
(1883, 172, 46),
(1884, 172, 47),
(1885, 172, 48),
(1886, 172, 49),
(1887, 172, 50),
(1888, 172, 51),
(1889, 172, 52),
(1890, 172, 53),
(1891, 172, 54),
(1892, 172, 55),
(1893, 173, 45),
(1894, 173, 46),
(1895, 173, 47),
(1896, 173, 48),
(1897, 173, 49),
(1898, 173, 50),
(1899, 173, 51),
(1900, 173, 52),
(1901, 173, 53),
(1902, 173, 54),
(1903, 173, 55),
(1904, 174, 45),
(1905, 174, 46),
(1906, 174, 47),
(1907, 174, 48),
(1908, 174, 49),
(1909, 174, 50),
(1910, 174, 51),
(1911, 174, 52),
(1912, 174, 53),
(1913, 174, 54),
(1914, 174, 55),
(1915, 175, 45),
(1916, 175, 46),
(1917, 175, 47),
(1918, 175, 48),
(1919, 175, 49),
(1920, 175, 50),
(1921, 175, 51),
(1922, 175, 52),
(1923, 175, 53),
(1924, 175, 54),
(1925, 175, 55),
(1926, 176, 1),
(1927, 176, 2),
(1928, 176, 3),
(1929, 176, 4),
(1930, 176, 5),
(1931, 176, 6),
(1932, 176, 7),
(1933, 176, 8),
(1934, 176, 9),
(1935, 176, 10),
(1936, 176, 11),
(1937, 177, 1),
(1938, 177, 2),
(1939, 177, 3),
(1940, 177, 4),
(1941, 177, 5),
(1942, 177, 6),
(1943, 177, 7),
(1944, 177, 8),
(1945, 177, 9),
(1946, 177, 10),
(1947, 177, 11),
(1948, 178, 1),
(1949, 178, 2),
(1950, 178, 3),
(1951, 178, 4),
(1952, 178, 5),
(1953, 178, 6),
(1954, 178, 7),
(1955, 178, 8),
(1956, 178, 9),
(1957, 178, 10),
(1958, 178, 11),
(1959, 179, 1),
(1960, 179, 2),
(1961, 179, 3),
(1962, 179, 4),
(1963, 179, 5),
(1964, 179, 6),
(1965, 179, 7),
(1966, 179, 8),
(1967, 179, 9),
(1968, 179, 10),
(1969, 179, 11),
(1970, 180, 1),
(1971, 180, 2),
(1972, 180, 3),
(1973, 180, 4),
(1974, 180, 5),
(1975, 180, 6),
(1976, 180, 7),
(1977, 180, 8),
(1978, 180, 9),
(1979, 180, 10),
(1980, 180, 11),
(1981, 181, 12),
(1982, 181, 13),
(1983, 181, 14),
(1984, 181, 15),
(1985, 181, 16),
(1986, 181, 17),
(1987, 181, 18),
(1988, 181, 19),
(1989, 181, 20),
(1990, 181, 21),
(1991, 181, 22),
(1992, 182, 12),
(1993, 182, 13),
(1994, 182, 14),
(1995, 182, 15),
(1996, 182, 16),
(1997, 182, 17),
(1998, 182, 18),
(1999, 182, 19),
(2000, 182, 20),
(2001, 182, 21),
(2002, 182, 22),
(2003, 183, 12),
(2004, 183, 13),
(2005, 183, 14),
(2006, 183, 15),
(2007, 183, 16),
(2008, 183, 17),
(2009, 183, 18),
(2010, 183, 19),
(2011, 183, 20),
(2012, 183, 21),
(2013, 183, 22),
(2014, 184, 12),
(2015, 184, 13),
(2016, 184, 14),
(2017, 184, 15),
(2018, 184, 16),
(2019, 184, 17),
(2020, 184, 18),
(2021, 184, 19),
(2022, 184, 20),
(2023, 184, 21),
(2024, 184, 22),
(2025, 185, 12),
(2026, 185, 13),
(2027, 185, 14),
(2028, 185, 15),
(2029, 185, 16),
(2030, 185, 17),
(2031, 185, 18),
(2032, 185, 19),
(2033, 185, 20),
(2034, 185, 21),
(2035, 185, 22),
(2036, 186, 23),
(2037, 186, 24),
(2038, 186, 25),
(2039, 186, 26),
(2040, 186, 27),
(2041, 186, 28),
(2042, 186, 29),
(2043, 186, 30),
(2044, 186, 31),
(2045, 186, 32),
(2046, 186, 33),
(2047, 187, 23),
(2048, 187, 24),
(2049, 187, 25),
(2050, 187, 26),
(2051, 187, 27),
(2052, 187, 28),
(2053, 187, 29),
(2054, 187, 30),
(2055, 187, 31),
(2056, 187, 32),
(2057, 187, 33),
(2058, 188, 23),
(2059, 188, 24),
(2060, 188, 25),
(2061, 188, 26),
(2062, 188, 27),
(2063, 188, 28),
(2064, 188, 29),
(2065, 188, 30),
(2066, 188, 31),
(2067, 188, 32),
(2068, 188, 33),
(2069, 189, 23),
(2070, 189, 24),
(2071, 189, 25),
(2072, 189, 26),
(2073, 189, 27),
(2074, 189, 28),
(2075, 189, 29),
(2076, 189, 30),
(2077, 189, 31),
(2078, 189, 32),
(2079, 189, 33),
(2080, 190, 23),
(2081, 190, 24),
(2082, 190, 25),
(2083, 190, 26),
(2084, 190, 27),
(2085, 190, 28),
(2086, 190, 29),
(2087, 190, 30),
(2088, 190, 31),
(2089, 190, 32),
(2090, 190, 33),
(2091, 191, 34),
(2092, 191, 35),
(2093, 191, 36),
(2094, 191, 37),
(2095, 191, 38),
(2096, 191, 39),
(2097, 191, 40),
(2098, 191, 41),
(2099, 191, 42),
(2100, 191, 43),
(2101, 191, 44),
(2102, 192, 34),
(2103, 192, 35),
(2104, 192, 36),
(2105, 192, 37),
(2106, 192, 38),
(2107, 192, 39),
(2108, 192, 40),
(2109, 192, 41),
(2110, 192, 42),
(2111, 192, 43),
(2112, 192, 44),
(2113, 193, 34),
(2114, 193, 35),
(2115, 193, 36),
(2116, 193, 37),
(2117, 193, 38),
(2118, 193, 39),
(2119, 193, 40),
(2120, 193, 41),
(2121, 193, 42),
(2122, 193, 43),
(2123, 193, 44),
(2124, 194, 34),
(2125, 194, 35),
(2126, 194, 36),
(2127, 194, 37),
(2128, 194, 38),
(2129, 194, 39),
(2130, 194, 40),
(2131, 194, 41),
(2132, 194, 42),
(2133, 194, 43),
(2134, 194, 44),
(2135, 195, 34),
(2136, 195, 35),
(2137, 195, 36),
(2138, 195, 37),
(2139, 195, 38),
(2140, 195, 39),
(2141, 195, 40),
(2142, 195, 41),
(2143, 195, 42),
(2144, 195, 43),
(2145, 195, 44),
(2146, 196, 45),
(2147, 196, 46),
(2148, 196, 47),
(2149, 196, 48),
(2150, 196, 49),
(2151, 196, 50),
(2152, 196, 51),
(2153, 196, 52),
(2154, 196, 53),
(2155, 196, 54),
(2156, 196, 55),
(2157, 197, 45),
(2158, 197, 46),
(2159, 197, 47),
(2160, 197, 48),
(2161, 197, 49),
(2162, 197, 50),
(2163, 197, 51),
(2164, 197, 52),
(2165, 197, 53),
(2166, 197, 54),
(2167, 197, 55),
(2168, 198, 45),
(2169, 198, 46),
(2170, 198, 47),
(2171, 198, 48),
(2172, 198, 49),
(2173, 198, 50),
(2174, 198, 51),
(2175, 198, 52),
(2176, 198, 53),
(2177, 198, 54),
(2178, 198, 55),
(2179, 199, 45),
(2180, 199, 46),
(2181, 199, 47),
(2182, 199, 48),
(2183, 199, 49),
(2184, 199, 50),
(2185, 199, 51),
(2186, 199, 52),
(2187, 199, 53),
(2188, 199, 54),
(2189, 199, 55),
(2190, 200, 45),
(2191, 200, 46),
(2192, 200, 47),
(2193, 200, 48),
(2194, 200, 49),
(2195, 200, 50),
(2196, 200, 51),
(2197, 200, 52),
(2198, 200, 53),
(2199, 200, 54),
(2200, 200, 55),
(2201, 201, 1),
(2202, 201, 2),
(2203, 201, 3),
(2204, 201, 4),
(2205, 201, 5),
(2206, 201, 6),
(2207, 201, 7),
(2208, 201, 8),
(2209, 201, 9),
(2210, 201, 10),
(2211, 201, 11),
(2212, 202, 1),
(2213, 202, 2),
(2214, 202, 3),
(2215, 202, 4),
(2216, 202, 5),
(2217, 202, 6),
(2218, 202, 7),
(2219, 202, 8),
(2220, 202, 9),
(2221, 202, 10),
(2222, 202, 11),
(2223, 203, 1),
(2224, 203, 2),
(2225, 203, 3),
(2226, 203, 4),
(2227, 203, 5),
(2228, 203, 6),
(2229, 203, 7),
(2230, 203, 8),
(2231, 203, 9),
(2232, 203, 10),
(2233, 203, 11),
(2234, 204, 1),
(2235, 204, 2),
(2236, 204, 3),
(2237, 204, 4),
(2238, 204, 5),
(2239, 204, 6),
(2240, 204, 7),
(2241, 204, 8),
(2242, 204, 9),
(2243, 204, 10),
(2244, 204, 11),
(2245, 205, 1),
(2246, 205, 2),
(2247, 205, 3),
(2248, 205, 4),
(2249, 205, 5),
(2250, 205, 6),
(2251, 205, 7),
(2252, 205, 8),
(2253, 205, 9),
(2254, 205, 10),
(2255, 205, 11),
(2256, 206, 12),
(2257, 206, 13),
(2258, 206, 14),
(2259, 206, 15),
(2260, 206, 16),
(2261, 206, 17),
(2262, 206, 18),
(2263, 206, 19),
(2264, 206, 20),
(2265, 206, 21),
(2266, 206, 22),
(2267, 207, 12),
(2268, 207, 13),
(2269, 207, 14),
(2270, 207, 15),
(2271, 207, 16),
(2272, 207, 17),
(2273, 207, 18),
(2274, 207, 19),
(2275, 207, 20),
(2276, 207, 21),
(2277, 207, 22),
(2278, 208, 12),
(2279, 208, 13),
(2280, 208, 14),
(2281, 208, 15),
(2282, 208, 16),
(2283, 208, 17),
(2284, 208, 18),
(2285, 208, 19),
(2286, 208, 20),
(2287, 208, 21),
(2288, 208, 22),
(2289, 209, 12),
(2290, 209, 13),
(2291, 209, 14),
(2292, 209, 15),
(2293, 209, 16),
(2294, 209, 17),
(2295, 209, 18),
(2296, 209, 19),
(2297, 209, 20),
(2298, 209, 21),
(2299, 209, 22),
(2300, 210, 12),
(2301, 210, 13),
(2302, 210, 14),
(2303, 210, 15),
(2304, 210, 16),
(2305, 210, 17),
(2306, 210, 18),
(2307, 210, 19),
(2308, 210, 20),
(2309, 210, 21),
(2310, 210, 22),
(2311, 211, 23),
(2312, 211, 24),
(2313, 211, 25),
(2314, 211, 26),
(2315, 211, 27),
(2316, 211, 28),
(2317, 211, 29),
(2318, 211, 30),
(2319, 211, 31),
(2320, 211, 32),
(2321, 211, 33),
(2322, 212, 23),
(2323, 212, 24),
(2324, 212, 25),
(2325, 212, 26),
(2326, 212, 27),
(2327, 212, 28),
(2328, 212, 29),
(2329, 212, 30),
(2330, 212, 31),
(2331, 212, 32),
(2332, 212, 33),
(2333, 213, 23),
(2334, 213, 24),
(2335, 213, 25),
(2336, 213, 26),
(2337, 213, 27),
(2338, 213, 28),
(2339, 213, 29),
(2340, 213, 30),
(2341, 213, 31),
(2342, 213, 32),
(2343, 213, 33),
(2344, 214, 23),
(2345, 214, 24),
(2346, 214, 25),
(2347, 214, 26),
(2348, 214, 27),
(2349, 214, 28),
(2350, 214, 29),
(2351, 214, 30),
(2352, 214, 31),
(2353, 214, 32),
(2354, 214, 33),
(2355, 215, 23),
(2356, 215, 24),
(2357, 215, 25),
(2358, 215, 26),
(2359, 215, 27),
(2360, 215, 28),
(2361, 215, 29),
(2362, 215, 30),
(2363, 215, 31),
(2364, 215, 32),
(2365, 215, 33),
(2366, 216, 34),
(2367, 216, 35),
(2368, 216, 36),
(2369, 216, 37),
(2370, 216, 38),
(2371, 216, 39),
(2372, 216, 40),
(2373, 216, 41),
(2374, 216, 42),
(2375, 216, 43),
(2376, 216, 44),
(2377, 217, 34),
(2378, 217, 35),
(2379, 217, 36),
(2380, 217, 37),
(2381, 217, 38),
(2382, 217, 39),
(2383, 217, 40),
(2384, 217, 41),
(2385, 217, 42),
(2386, 217, 43),
(2387, 217, 44),
(2388, 218, 34),
(2389, 218, 35),
(2390, 218, 36),
(2391, 218, 37),
(2392, 218, 38),
(2393, 218, 39),
(2394, 218, 40),
(2395, 218, 41),
(2396, 218, 42),
(2397, 218, 43),
(2398, 218, 44),
(2399, 219, 34),
(2400, 219, 35),
(2401, 219, 36),
(2402, 219, 37),
(2403, 219, 38),
(2404, 219, 39),
(2405, 219, 40),
(2406, 219, 41),
(2407, 219, 42),
(2408, 219, 43),
(2409, 219, 44),
(2410, 220, 34),
(2411, 220, 35),
(2412, 220, 36),
(2413, 220, 37),
(2414, 220, 38),
(2415, 220, 39),
(2416, 220, 40),
(2417, 220, 41),
(2418, 220, 42),
(2419, 220, 43),
(2420, 220, 44),
(2421, 221, 45),
(2422, 221, 46),
(2423, 221, 47),
(2424, 221, 48),
(2425, 221, 49),
(2426, 221, 50),
(2427, 221, 51),
(2428, 221, 52),
(2429, 221, 53),
(2430, 221, 54),
(2431, 221, 55),
(2432, 222, 45),
(2433, 222, 46),
(2434, 222, 47),
(2435, 222, 48),
(2436, 222, 49),
(2437, 222, 50),
(2438, 222, 51),
(2439, 222, 52),
(2440, 222, 53),
(2441, 222, 54),
(2442, 222, 55),
(2443, 223, 45),
(2444, 223, 46),
(2445, 223, 47),
(2446, 223, 48),
(2447, 223, 49),
(2448, 223, 50),
(2449, 223, 51),
(2450, 223, 52),
(2451, 223, 53),
(2452, 223, 54),
(2453, 223, 55),
(2454, 224, 45),
(2455, 224, 46),
(2456, 224, 47),
(2457, 224, 48),
(2458, 224, 49),
(2459, 224, 50),
(2460, 224, 51),
(2461, 224, 52),
(2462, 224, 53),
(2463, 224, 54),
(2464, 224, 55),
(2465, 225, 45),
(2466, 225, 46),
(2467, 225, 47),
(2468, 225, 48),
(2469, 225, 49),
(2470, 225, 50),
(2471, 225, 51),
(2472, 225, 52),
(2473, 225, 53),
(2474, 225, 54),
(2475, 225, 55),
(2476, 226, 1),
(2477, 226, 2),
(2478, 226, 3),
(2479, 226, 4),
(2480, 226, 5),
(2481, 226, 6),
(2482, 226, 7),
(2483, 226, 8),
(2484, 226, 9),
(2485, 226, 10),
(2486, 226, 11),
(2487, 227, 1),
(2488, 227, 2),
(2489, 227, 3),
(2490, 227, 4),
(2491, 227, 5),
(2492, 227, 6),
(2493, 227, 7),
(2494, 227, 8),
(2495, 227, 9),
(2496, 227, 10),
(2497, 227, 11),
(2498, 228, 1),
(2499, 228, 2),
(2500, 228, 3),
(2501, 228, 4),
(2502, 228, 5),
(2503, 228, 6),
(2504, 228, 7),
(2505, 228, 8),
(2506, 228, 9),
(2507, 228, 10),
(2508, 228, 11),
(2509, 229, 1),
(2510, 229, 2),
(2511, 229, 3),
(2512, 229, 4),
(2513, 229, 5),
(2514, 229, 6),
(2515, 229, 7),
(2516, 229, 8),
(2517, 229, 9),
(2518, 229, 10),
(2519, 229, 11),
(2520, 230, 1),
(2521, 230, 2),
(2522, 230, 3),
(2523, 230, 4),
(2524, 230, 5),
(2525, 230, 6),
(2526, 230, 7),
(2527, 230, 8),
(2528, 230, 9),
(2529, 230, 10),
(2530, 230, 11),
(2531, 231, 12),
(2532, 231, 13),
(2533, 231, 14),
(2534, 231, 15),
(2535, 231, 16),
(2536, 231, 17),
(2537, 231, 18),
(2538, 231, 19),
(2539, 231, 20),
(2540, 231, 21),
(2541, 231, 22),
(2542, 232, 12),
(2543, 232, 13),
(2544, 232, 14),
(2545, 232, 15),
(2546, 232, 16),
(2547, 232, 17),
(2548, 232, 18),
(2549, 232, 19),
(2550, 232, 20),
(2551, 232, 21),
(2552, 232, 22),
(2553, 233, 12),
(2554, 233, 13),
(2555, 233, 14),
(2556, 233, 15),
(2557, 233, 16),
(2558, 233, 17),
(2559, 233, 18),
(2560, 233, 19),
(2561, 233, 20),
(2562, 233, 21),
(2563, 233, 22),
(2564, 234, 12),
(2565, 234, 13),
(2566, 234, 14),
(2567, 234, 15),
(2568, 234, 16),
(2569, 234, 17),
(2570, 234, 18),
(2571, 234, 19),
(2572, 234, 20),
(2573, 234, 21),
(2574, 234, 22),
(2575, 235, 12),
(2576, 235, 13),
(2577, 235, 14),
(2578, 235, 15),
(2579, 235, 16),
(2580, 235, 17),
(2581, 235, 18),
(2582, 235, 19),
(2583, 235, 20),
(2584, 235, 21),
(2585, 235, 22),
(2586, 236, 23),
(2587, 236, 24),
(2588, 236, 25),
(2589, 236, 26),
(2590, 236, 27),
(2591, 236, 28),
(2592, 236, 29),
(2593, 236, 30),
(2594, 236, 31),
(2595, 236, 32),
(2596, 236, 33),
(2597, 237, 23),
(2598, 237, 24),
(2599, 237, 25),
(2600, 237, 26),
(2601, 237, 27),
(2602, 237, 28),
(2603, 237, 29),
(2604, 237, 30),
(2605, 237, 31),
(2606, 237, 32),
(2607, 237, 33),
(2608, 238, 23),
(2609, 238, 24),
(2610, 238, 25),
(2611, 238, 26),
(2612, 238, 27),
(2613, 238, 28),
(2614, 238, 29),
(2615, 238, 30),
(2616, 238, 31),
(2617, 238, 32),
(2618, 238, 33),
(2619, 239, 23),
(2620, 239, 24),
(2621, 239, 25),
(2622, 239, 26),
(2623, 239, 27),
(2624, 239, 28),
(2625, 239, 29),
(2626, 239, 30),
(2627, 239, 31),
(2628, 239, 32),
(2629, 239, 33),
(2630, 240, 23),
(2631, 240, 24),
(2632, 240, 25),
(2633, 240, 26),
(2634, 240, 27),
(2635, 240, 28),
(2636, 240, 29),
(2637, 240, 30),
(2638, 240, 31),
(2639, 240, 32),
(2640, 240, 33),
(2641, 241, 34),
(2642, 241, 35),
(2643, 241, 36),
(2644, 241, 37),
(2645, 241, 38),
(2646, 241, 39),
(2647, 241, 40),
(2648, 241, 41),
(2649, 241, 42),
(2650, 241, 43),
(2651, 241, 44),
(2652, 242, 34),
(2653, 242, 35),
(2654, 242, 36),
(2655, 242, 37),
(2656, 242, 38),
(2657, 242, 39),
(2658, 242, 40),
(2659, 242, 41),
(2660, 242, 42),
(2661, 242, 43),
(2662, 242, 44),
(2663, 243, 34),
(2664, 243, 35),
(2665, 243, 36),
(2666, 243, 37),
(2667, 243, 38),
(2668, 243, 39),
(2669, 243, 40),
(2670, 243, 41),
(2671, 243, 42),
(2672, 243, 43),
(2673, 243, 44),
(2674, 244, 34),
(2675, 244, 35),
(2676, 244, 36),
(2677, 244, 37),
(2678, 244, 38),
(2679, 244, 39),
(2680, 244, 40),
(2681, 244, 41),
(2682, 244, 42),
(2683, 244, 43),
(2684, 244, 44),
(2685, 245, 34),
(2686, 245, 35),
(2687, 245, 36),
(2688, 245, 37),
(2689, 245, 38),
(2690, 245, 39),
(2691, 245, 40),
(2692, 245, 41),
(2693, 245, 42),
(2694, 245, 43),
(2695, 245, 44),
(2696, 246, 45),
(2697, 246, 46),
(2698, 246, 47),
(2699, 246, 48),
(2700, 246, 49),
(2701, 246, 50),
(2702, 246, 51),
(2703, 246, 52),
(2704, 246, 53),
(2705, 246, 54),
(2706, 246, 55),
(2707, 247, 45),
(2708, 247, 46),
(2709, 247, 47),
(2710, 247, 48),
(2711, 247, 49),
(2712, 247, 50),
(2713, 247, 51),
(2714, 247, 52),
(2715, 247, 53),
(2716, 247, 54),
(2717, 247, 55),
(2718, 248, 45),
(2719, 248, 46),
(2720, 248, 47),
(2721, 248, 48),
(2722, 248, 49),
(2723, 248, 50),
(2724, 248, 51),
(2725, 248, 52),
(2726, 248, 53),
(2727, 248, 54),
(2728, 248, 55),
(2729, 249, 45),
(2730, 249, 46),
(2731, 249, 47),
(2732, 249, 48),
(2733, 249, 49),
(2734, 249, 50),
(2735, 249, 51),
(2736, 249, 52),
(2737, 249, 53),
(2738, 249, 54),
(2739, 249, 55),
(2740, 250, 45),
(2741, 250, 46),
(2742, 250, 47),
(2743, 250, 48),
(2744, 250, 49),
(2745, 250, 50),
(2746, 250, 51),
(2747, 250, 52),
(2748, 250, 53),
(2749, 250, 54),
(2750, 250, 55);

-- --------------------------------------------------------

--
-- Estructura de tabla para la tabla `materias`
--

CREATE TABLE `materias` (
  `id_materia` int(11) NOT NULL,
  `nombre_materia` varchar(100) NOT NULL,
  `id_profesor` int(11) NOT NULL,
  `ano_materia` int(11) NOT NULL
) ENGINE=InnoDB DEFAULT CHARSET=utf8mb4 COLLATE=utf8mb4_general_ci COMMENT='Relaciona materias con profesores y años de la materia';

--
-- Volcado de datos para la tabla `materias`
--

INSERT INTO `materias` (`id_materia`, `nombre_materia`, `id_profesor`, `ano_materia`) VALUES
(1, 'Biologia', 11, 1),
(2, 'EDI', 2, 1),
(3, 'Ed Artistica', 10, 1),
(4, 'Ed Fisica', 4, 1),
(5, 'Formacion Etica y Ciudadana', 1, 1),
(6, 'Geografia', 9, 1),
(7, 'Historia', 7, 1),
(8, 'Ingles', 8, 1),
(9, 'Lengua', 12, 1),
(10, 'Matematica', 20, 1),
(11, 'Tecnologia', 6, 1),
(12, 'Biologia', 11, 2),
(13, 'Ed Fisica', 4, 2),
(14, 'Ed Artistica', 10, 2),
(15, 'Fisicoquimica', 2, 2),
(16, 'Formacion Etica y Ciudadana', 1, 2),
(17, 'Geografia', 9, 2),
(18, 'Historia', 7, 2),
(19, 'Ingles', 8, 2),
(20, 'Lengua', 12, 2),
(21, 'Matematica', 20, 2),
(22, 'Tecnologia', 6, 2),
(23, 'Biologia', 11, 3),
(24, 'Ed Artistica', 10, 3),
(25, 'Ed Fisica', 5, 3),
(26, 'Fisica', 2, 3),
(27, 'Formacion Etica y Ciudadana', 1, 3),
(28, 'Geografia', 15, 3),
(29, 'Historia', 7, 3),
(30, 'Ingles', 8, 3),
(31, 'Lengua', 12, 3),
(32, 'Matematica', 21, 3),
(33, 'TIC', 17, 3),
(34, 'Ciudadania y Trabajo', 1, 4),
(35, 'Economia', 14, 4),
(36, 'Ed Fisica', 5, 4),
(37, 'Geografia', 15, 4),
(38, 'Historia', 7, 4),
(39, 'Ingles', 8, 4),
(40, 'Lengua', 12, 4),
(41, 'Matematica', 21, 4),
(42, 'Metodologia de la Investigacion', 11, 4),
(43, 'Psicologia', 3, 4),
(44, 'Quimica', 19, 4),
(45, 'Ciencias Politicas', 18, 5),
(46, 'Derecho', 18, 5),
(47, 'Ed Fisica', 5, 5),
(48, 'Filosofia', 16, 5),
(49, 'Geografia Economica', 15, 5),
(50, 'Historia de las Transformaciones Socioculturales', 7, 5),
(51, 'Ingles', 8, 5),
(52, 'Lengua', 13, 5),
(53, 'Matematica', 21, 5),
(54, 'Proyecto de Investigacion Sociocomunitaria', 2, 5),
(55, 'Sociologia', 1, 5);

-- --------------------------------------------------------

--
-- Estructura de tabla para la tabla `notas`
--

CREATE TABLE `notas` (
  `id_nota` int(11) NOT NULL,
  `id_inscripcion` int(11) DEFAULT NULL,
  `trimestre_nota` int(11) DEFAULT NULL,
  `numero_nota` int(11) DEFAULT NULL,
  `valor_nota` decimal(4,2) DEFAULT NULL,
  `tipo_nota` varchar(25) DEFAULT NULL
) ENGINE=InnoDB DEFAULT CHARSET=utf8mb4 COLLATE=utf8mb4_general_ci;

--
-- Volcado de datos para la tabla `notas`
--

INSERT INTO `notas` (`id_nota`, `id_inscripcion`, `trimestre_nota`, `numero_nota`, `valor_nota`, `tipo_nota`) VALUES
(1801, 5, 1, 2, 8.00, 'Promedio'),
(1802, 5, 2, 2, 7.25, 'Promedio'),
(1803, 5, 3, 2, 7.25, 'Promedio'),
(1804, 5, 1, 4, 8.00, 'NotaTrimestral'),
(1805, 5, 2, 4, 7.25, 'NotaTrimestral'),
(1806, 5, 3, 4, 7.25, 'NotaTrimestral'),
(1807, 5, 4, 1, 7.50, 'PromTrim'),
(1808, 5, 4, 5, 7.50, 'CalifDef'),
(1809, 5, 4, 5, 7.50, 'CalifDef'),
(1810, 5, 1, 2, 8.00, 'Envio'),
(1811, 5, 4, 5, 7.50, 'CalifDef'),
(1812, 5, 1, 3, 8.00, 'Envio'),
(1813, 5, 1, 1, 8.00, 'Envio'),
(1814, 5, 1, 1, 8.00, 'Concepto'),
(1816, 1, 1, 2, 8.50, 'Promedio'),
(1817, 1, 2, 2, 6.25, 'Promedio'),
(1818, 1, 3, 2, 8.25, 'Promedio'),
(1819, 1, 1, 4, 8.50, 'NotaTrimestral'),
(1820, 1, 2, 4, 6.25, 'NotaTrimestral'),
(1821, 1, 3, 4, 8.25, 'NotaTrimestral'),
(1822, 1, 4, 1, 7.67, 'PromTrim'),
(1823, 1, 4, 5, 7.67, 'CalifDef'),
(1824, 1, 4, 5, 7.67, 'CalifDef'),
(1825, 1, 1, 2, 8.00, 'Envio'),
(1826, 1, 4, 5, 7.67, 'CalifDef'),
(1827, 1, 1, 3, 9.00, 'Envio'),
(1828, 1, 1, 1, 8.00, 'Envio'),
(1829, 1, 1, 1, 9.00, 'Concepto'),
(1830, 1, 2, 4, 6.00, 'Envio'),
(1831, 1, 4, 5, 7.67, 'CalifDef'),
(1832, 1, 2, 5, 6.00, 'Envio'),
(1833, 1, 4, 5, 7.67, 'CalifDef'),
(1834, 1, 2, 6, 6.00, 'Envio'),
(1835, 1, 4, 5, 7.67, 'CalifDef'),
(1836, 1, 2, 1, 7.00, 'Concepto'),
(1837, 1, 4, 5, 7.67, 'CalifDef'),
(1838, 1, 3, 7, 8.50, 'Envio'),
(1839, 1, 4, 5, 7.67, 'CalifDef'),
(1840, 1, 3, 8, 7.50, 'Envio'),
(1841, 1, 4, 5, 7.67, 'CalifDef'),
(1842, 1, 3, 9, 9.00, 'Envio'),
(1843, 45, 1, 2, 0.00, 'Promedio'),
(1844, 45, 2, 2, 0.00, 'Promedio'),
(1845, 45, 3, 2, 0.00, 'Promedio'),
(1846, 45, 1, 4, 0.00, 'NotaTrimestral'),
(1847, 45, 2, 4, 0.00, 'NotaTrimestral'),
(1848, 45, 3, 4, 0.00, 'NotaTrimestral'),
(1849, 45, 4, 1, 0.00, 'PromTrim'),
(1850, 45, 4, 5, 0.00, 'CalifDef'),
(1851, 1, 3, 1, 8.00, 'Concepto'),
(1852, 2, 1, 2, 7.13, 'Promedio'),
(1853, 2, 2, 2, 5.50, 'Promedio'),
(1854, 2, 3, 2, 6.50, 'Promedio'),
(1855, 2, 1, 4, 7.13, 'NotaTrimestral'),
(1856, 2, 2, 4, 7.00, 'NotaTrimestral'),
(1857, 2, 3, 4, 6.50, 'NotaTrimestral'),
(1858, 2, 4, 1, 6.88, 'PromTrim'),
(1859, 2, 4, 5, 6.88, 'CalifDef'),
(1860, 2, 1, 1, 9.50, 'Envio'),
(1861, 2, 1, 2, 6.00, 'Envio'),
(1862, 2, 4, 5, 6.88, 'CalifDef'),
(1863, 2, 1, 3, 5.00, 'Envio'),
(1864, 2, 1, 1, 8.00, 'Concepto'),
(1865, 2, 2, 4, 5.00, 'Envio'),
(1866, 2, 4, 5, 6.88, 'CalifDef'),
(1867, 2, 2, 5, 5.00, 'Envio'),
(1868, 2, 4, 5, 6.88, 'CalifDef'),
(1869, 2, 2, 6, 5.00, 'Envio'),
(1870, 2, 4, 5, 6.88, 'CalifDef'),
(1871, 2, 2, 1, 7.00, 'Concepto'),
(1872, 2, 2, 3, 7.00, 'Recuperatorio'),
(1873, 2, 3, 7, 8.00, 'Envio'),
(1874, 2, 4, 5, 6.88, 'CalifDef'),
(1875, 2, 3, 8, 8.00, 'Envio'),
(1876, 2, 4, 5, 6.88, 'CalifDef'),
(1877, 2, 3, 9, 4.00, 'Envio'),
(1878, 2, 4, 5, 6.88, 'CalifDef'),
(1879, 2, 3, 1, 6.00, 'Concepto'),
(1881, 3, 1, 2, 5.75, 'Promedio'),
(1882, 3, 2, 2, 6.75, 'Promedio'),
(1883, 3, 3, 2, 5.25, 'Promedio'),
(1884, 3, 1, 4, 5.75, 'NotaTrimestral'),
(1885, 3, 2, 4, 6.75, 'NotaTrimestral'),
(1886, 3, 3, 4, 5.25, 'NotaTrimestral'),
(1887, 3, 4, 1, 5.92, 'PromTrim'),
(1888, 3, 4, 5, 7.00, 'CalifDef'),
(1889, 3, 4, 5, 7.00, 'CalifDef'),
(1890, 3, 1, 2, 5.00, 'Envio'),
(1891, 3, 4, 5, 7.00, 'CalifDef'),
(1892, 3, 1, 3, 5.00, 'Envio'),
(1893, 3, 1, 1, 5.00, 'Envio'),
(1894, 3, 1, 1, 8.00, 'Concepto'),
(1895, 3, 1, 3, 5.00, 'Recuperatorio'),
(1896, 3, 4, 5, 7.00, 'CalifDef'),
(1897, 3, 4, 5, 7.00, 'CalifDef'),
(1898, 3, 2, 4, 6.00, 'Envio'),
(1899, 3, 4, 5, 7.00, 'CalifDef'),
(1900, 3, 2, 5, 8.00, 'Envio'),
(1901, 3, 4, 5, 7.00, 'CalifDef'),
(1902, 3, 2, 6, 9.00, 'Envio'),
(1903, 3, 4, 5, 7.00, 'CalifDef'),
(1904, 3, 2, 1, 4.00, 'Concepto'),
(1905, 3, 4, 5, 7.00, 'CalifDef'),
(1906, 3, 3, 7, 5.00, 'Envio'),
(1907, 3, 4, 5, 7.00, 'CalifDef'),
(1908, 14, 1, 2, 0.00, 'Promedio'),
(1909, 14, 2, 2, 0.00, 'Promedio'),
(1910, 14, 3, 2, 0.00, 'Promedio'),
(1911, 14, 1, 4, 0.00, 'NotaTrimestral'),
(1912, 14, 2, 4, 0.00, 'NotaTrimestral'),
(1913, 14, 3, 4, 0.00, 'NotaTrimestral'),
(1914, 14, 4, 1, 0.00, 'PromTrim'),
(1915, 14, 4, 5, 0.00, 'CalifDef'),
(1916, 3, 3, 8, 5.00, 'Envio'),
(1917, 3, 4, 5, 7.00, 'CalifDef'),
(1918, 3, 3, 9, 6.00, 'Envio'),
(1919, 3, 4, 5, 7.00, 'CalifDef'),
(1920, 3, 3, 1, 5.00, 'Concepto'),
(1921, 3, 4, 5, 7.00, 'CalifDef'),
(1922, 3, 3, 3, 5.00, 'Recuperatorio'),
(1923, 3, 4, 5, 7.00, 'CalifDef'),
(1924, 3, 4, 5, 7.00, 'CalifDef'),
(1925, 3, 4, 2, 7.00, 'Diciembre'),
(1926, 3, 4, 5, 7.00, 'CalifDef'),
(1928, 4, 1, 2, 4.50, 'Promedio'),
(1929, 4, 2, 2, 4.75, 'Promedio'),
(1930, 4, 3, 2, 4.75, 'Promedio'),
(1931, 4, 1, 4, 4.50, 'NotaTrimestral'),
(1932, 4, 2, 4, 4.75, 'NotaTrimestral'),
(1933, 4, 3, 4, 4.75, 'NotaTrimestral'),
(1934, 4, 4, 1, 4.67, 'PromTrim'),
(1935, 4, 4, 5, 8.00, 'CalifDef'),
(1936, 4, 4, 5, 8.00, 'CalifDef'),
(1937, 4, 1, 2, 5.00, 'Envio'),
(1938, 4, 4, 5, 8.00, 'CalifDef'),
(1940, 4, 1, 1, 5.00, 'Envio'),
(1941, 4, 1, 1, 4.00, 'Concepto'),
(1942, 4, 4, 5, 8.00, 'CalifDef'),
(1943, 4, 2, 4, 5.00, 'Envio'),
(1944, 4, 4, 5, 8.00, 'CalifDef'),
(1945, 4, 2, 5, 5.00, 'Envio'),
(1946, 4, 4, 5, 8.00, 'CalifDef'),
(1947, 4, 2, 6, 5.00, 'Envio'),
(1948, 4, 4, 5, 8.00, 'CalifDef'),
(1949, 4, 2, 1, 4.00, 'Concepto'),
(1950, 4, 4, 5, 8.00, 'CalifDef'),
(1951, 4, 3, 7, 5.00, 'Envio'),
(1952, 4, 4, 5, 8.00, 'CalifDef'),
(1953, 4, 3, 8, 5.00, 'Envio'),
(1954, 4, 4, 5, 8.00, 'CalifDef'),
(1955, 4, 3, 9, 5.00, 'Envio'),
(1956, 4, 4, 5, 8.00, 'CalifDef'),
(1957, 4, 3, 1, 4.00, 'Concepto'),
(1958, 4, 4, 5, 8.00, 'CalifDef'),
(1959, 4, 3, 3, 4.00, 'Recuperatorio'),
(1960, 4, 4, 5, 8.00, 'CalifDef'),
(1961, 48, 1, 2, 0.00, 'Promedio'),
(1962, 48, 2, 2, 0.00, 'Promedio'),
(1963, 48, 3, 2, 0.00, 'Promedio'),
(1964, 48, 1, 4, 0.00, 'NotaTrimestral'),
(1965, 48, 2, 4, 0.00, 'NotaTrimestral'),
(1966, 48, 3, 4, 0.00, 'NotaTrimestral'),
(1967, 48, 4, 1, 0.00, 'PromTrim'),
(1968, 48, 4, 5, 0.00, 'CalifDef'),
(1969, 4, 2, 3, 4.00, 'Recuperatorio'),
(1970, 4, 4, 5, 8.00, 'CalifDef'),
(1971, 4, 1, 3, 4.00, 'Envio'),
(1972, 4, 1, 3, 4.00, 'Recuperatorio'),
(1973, 37, 1, 2, 0.00, 'Promedio'),
(1974, 37, 2, 2, 0.00, 'Promedio'),
(1975, 37, 3, 2, 0.00, 'Promedio'),
(1976, 37, 1, 4, 0.00, 'NotaTrimestral'),
(1977, 37, 2, 4, 0.00, 'NotaTrimestral'),
(1978, 37, 3, 4, 0.00, 'NotaTrimestral'),
(1979, 37, 4, 1, 0.00, 'PromTrim'),
(1980, 37, 4, 5, 0.00, 'CalifDef'),
(1981, 4, 4, 2, 5.00, 'Diciembre'),
(1982, 4, 4, 5, 8.00, 'CalifDef'),
(1983, 4, 4, 3, 8.00, 'Febrero'),
(1984, 279, 1, 2, 0.00, 'Promedio'),
(1985, 279, 2, 2, 0.00, 'Promedio'),
(1986, 279, 3, 2, 0.00, 'Promedio'),
(1987, 279, 1, 4, 0.00, 'NotaTrimestral'),
(1988, 279, 2, 4, 0.00, 'NotaTrimestral'),
(1989, 279, 3, 4, 0.00, 'NotaTrimestral'),
(1990, 279, 4, 1, 0.00, 'PromTrim'),
(1991, 279, 4, 5, 0.00, 'CalifDef'),
(1992, 5, 2, 4, 7.00, 'Envio'),
(1993, 5, 4, 5, 7.50, 'CalifDef'),
(1994, 5, 2, 5, 7.00, 'Envio'),
(1995, 5, 4, 5, 7.50, 'CalifDef'),
(1996, 5, 2, 6, 7.00, 'Envio'),
(1997, 5, 4, 5, 7.50, 'CalifDef'),
(1998, 5, 2, 1, 8.00, 'Concepto'),
(1999, 5, 4, 5, 7.50, 'CalifDef'),
(2000, 5, 3, 7, 7.00, 'Envio'),
(2001, 5, 4, 5, 7.50, 'CalifDef'),
(2002, 5, 3, 8, 7.00, 'Envio'),
(2003, 5, 4, 5, 7.50, 'CalifDef'),
(2004, 5, 3, 9, 7.00, 'Envio'),
(2005, 5, 4, 5, 7.50, 'CalifDef'),
(2006, 5, 3, 1, 8.00, 'Concepto'),
(2007, 5, 4, 5, 7.50, 'CalifDef'),
(2009, 6, 1, 2, 6.38, 'Promedio'),
(2010, 6, 2, 2, 7.88, 'Promedio'),
(2011, 6, 3, 2, 5.75, 'Promedio'),
(2012, 6, 1, 4, 6.38, 'NotaTrimestral'),
(2013, 6, 2, 4, 7.88, 'NotaTrimestral'),
(2014, 6, 3, 4, 7.00, 'NotaTrimestral'),
(2015, 6, 4, 1, 7.09, 'PromTrim'),
(2016, 6, 4, 5, 7.09, 'CalifDef'),
(2017, 6, 4, 5, 7.09, 'CalifDef'),
(2018, 6, 1, 2, 7.00, 'Envio'),
(2019, 6, 4, 5, 7.09, 'CalifDef'),
(2020, 6, 1, 3, 6.50, 'Envio'),
(2021, 6, 1, 1, 8.00, 'Envio'),
(2022, 6, 1, 1, 4.00, 'Concepto'),
(2023, 6, 4, 5, 7.09, 'CalifDef'),
(2024, 6, 2, 4, 8.00, 'Envio'),
(2025, 6, 4, 5, 7.09, 'CalifDef'),
(2026, 6, 2, 5, 8.00, 'Envio'),
(2027, 6, 4, 5, 7.09, 'CalifDef'),
(2028, 6, 2, 6, 7.50, 'Envio'),
(2029, 6, 4, 5, 7.09, 'CalifDef'),
(2030, 6, 2, 1, 8.00, 'Concepto'),
(2031, 6, 4, 5, 7.09, 'CalifDef'),
(2032, 6, 3, 7, 6.00, 'Envio'),
(2033, 6, 4, 5, 7.09, 'CalifDef'),
(2034, 6, 3, 8, 6.00, 'Envio'),
(2035, 6, 4, 5, 7.09, 'CalifDef'),
(2036, 6, 3, 9, 5.00, 'Envio'),
(2037, 6, 4, 5, 7.09, 'CalifDef'),
(2038, 6, 3, 1, 6.00, 'Concepto'),
(2039, 6, 4, 5, 7.09, 'CalifDef'),
(2040, 6, 3, 3, 7.00, 'Recuperatorio'),
(2042, 7, 1, 2, 5.50, 'Promedio'),
(2043, 7, 2, 2, 8.00, 'Promedio'),
(2044, 7, 3, 2, 6.00, 'Promedio'),
(2045, 7, 1, 4, 5.50, 'NotaTrimestral'),
(2046, 7, 2, 4, 8.00, 'NotaTrimestral'),
(2047, 7, 3, 4, 7.00, 'NotaTrimestral'),
(2048, 7, 4, 1, 6.83, 'PromTrim'),
(2049, 7, 4, 5, 6.83, 'CalifDef'),
(2050, 7, 4, 5, 6.83, 'CalifDef'),
(2051, 7, 1, 2, 8.50, 'Envio'),
(2052, 7, 4, 5, 6.83, 'CalifDef'),
(2054, 7, 1, 1, 7.50, 'Envio'),
(2055, 7, 1, 1, 6.00, 'Concepto'),
(2057, 7, 4, 5, 6.83, 'CalifDef'),
(2059, 7, 2, 4, 8.00, 'Envio'),
(2061, 7, 4, 5, 6.83, 'CalifDef'),
(2063, 7, 2, 5, 8.00, 'Envio'),
(2065, 7, 4, 5, 6.83, 'CalifDef'),
(2067, 7, 2, 6, 8.00, 'Envio'),
(2069, 7, 4, 5, 6.83, 'CalifDef'),
(2071, 7, 2, 1, 8.00, 'Concepto'),
(2073, 7, 4, 5, 6.83, 'CalifDef'),
(2075, 7, 3, 7, 6.00, 'Envio'),
(2077, 7, 4, 5, 6.83, 'CalifDef'),
(2079, 7, 3, 8, 6.00, 'Envio'),
(2081, 7, 4, 5, 6.83, 'CalifDef'),
(2083, 7, 3, 9, 6.00, 'Envio'),
(2085, 7, 4, 5, 6.83, 'CalifDef'),
(2087, 7, 3, 1, 6.00, 'Concepto'),
(2089, 7, 4, 5, 6.83, 'CalifDef'),
(2091, 7, 3, 3, 7.00, 'Recuperatorio'),
(2092, 51, 1, 2, 0.00, 'Promedio'),
(2093, 51, 2, 2, 0.00, 'Promedio'),
(2094, 51, 3, 2, 0.00, 'Promedio'),
(2095, 51, 1, 4, 0.00, 'NotaTrimestral'),
(2096, 51, 2, 4, 0.00, 'NotaTrimestral'),
(2097, 51, 3, 4, 0.00, 'NotaTrimestral'),
(2098, 51, 4, 1, 0.00, 'PromTrim'),
(2099, 51, 4, 5, 0.00, 'CalifDef'),
(2100, 18, 1, 2, 0.00, 'Promedio'),
(2101, 18, 2, 2, 0.00, 'Promedio'),
(2102, 18, 3, 2, 0.00, 'Promedio'),
(2103, 18, 1, 4, 0.00, 'NotaTrimestral'),
(2104, 18, 2, 4, 0.00, 'NotaTrimestral'),
(2105, 18, 3, 4, 0.00, 'NotaTrimestral'),
(2106, 18, 4, 1, 0.00, 'PromTrim'),
(2107, 18, 4, 5, 0.00, 'CalifDef'),
(2109, 8, 1, 2, 4.00, 'Promedio'),
(2110, 8, 2, 2, 4.00, 'Promedio'),
(2111, 8, 3, 2, 4.00, 'Promedio'),
(2112, 8, 1, 4, 4.00, 'NotaTrimestral'),
(2113, 8, 2, 4, 4.00, 'NotaTrimestral'),
(2114, 8, 3, 4, 4.00, 'NotaTrimestral'),
(2115, 8, 4, 1, 4.00, 'PromTrim'),
(2116, 8, 4, 5, 4.00, 'CalifDef'),
(2117, 8, 4, 5, 4.00, 'CalifDef'),
(2118, 8, 1, 2, 4.00, 'Envio'),
(2119, 8, 4, 5, 4.00, 'CalifDef'),
(2121, 8, 1, 1, 4.00, 'Envio'),
(2122, 8, 1, 1, 4.00, 'Concepto'),
(2123, 8, 1, 3, 4.00, 'Envio'),
(2124, 8, 1, 3, 4.00, 'Recuperatorio'),
(2125, 8, 4, 5, 4.00, 'CalifDef'),
(2126, 8, 2, 4, 4.00, 'Envio'),
(2127, 8, 4, 5, 4.00, 'CalifDef'),
(2128, 8, 2, 5, 4.00, 'Envio'),
(2129, 8, 4, 5, 4.00, 'CalifDef'),
(2130, 8, 2, 6, 4.00, 'Envio'),
(2131, 8, 4, 5, 4.00, 'CalifDef'),
(2132, 8, 2, 1, 4.00, 'Concepto'),
(2133, 8, 4, 5, 4.00, 'CalifDef'),
(2134, 8, 2, 3, 4.00, 'Recuperatorio'),
(2135, 8, 4, 5, 4.00, 'CalifDef'),
(2136, 8, 4, 5, 4.00, 'CalifDef'),
(2137, 8, 3, 7, 4.00, 'Envio'),
(2138, 8, 4, 5, 4.00, 'CalifDef'),
(2139, 8, 3, 8, 4.00, 'Envio'),
(2140, 8, 4, 5, 4.00, 'CalifDef'),
(2141, 8, 3, 9, 4.00, 'Envio'),
(2142, 8, 3, 1, 4.00, 'Concepto'),
(2143, 8, 4, 5, 4.00, 'CalifDef'),
(2144, 8, 3, 3, 4.00, 'Recuperatorio'),
(2145, 8, 4, 5, 4.00, 'CalifDef'),
(2146, 8, 4, 5, 4.00, 'CalifDef'),
(2147, 8, 4, 2, 4.00, 'Diciembre'),
(2148, 8, 4, 5, 4.00, 'CalifDef'),
(2149, 8, 4, 5, 4.00, 'CalifDef'),
(2150, 8, 4, 3, 4.00, 'Febrero'),
(2151, 8, 4, 5, 4.00, 'CalifDef'),
(2153, 9, 1, 2, 6.25, 'Promedio'),
(2154, 9, 2, 2, 7.25, 'Promedio'),
(2155, 9, 3, 2, 8.00, 'Promedio'),
(2156, 9, 1, 4, 6.25, 'NotaTrimestral'),
(2157, 9, 2, 4, 7.25, 'NotaTrimestral'),
(2158, 9, 3, 4, 8.00, 'NotaTrimestral'),
(2159, 9, 4, 1, 7.17, 'PromTrim'),
(2160, 9, 4, 5, 7.17, 'CalifDef'),
(2161, 9, 4, 5, 7.17, 'CalifDef'),
(2162, 9, 1, 2, 6.00, 'Envio'),
(2163, 9, 4, 5, 7.17, 'CalifDef'),
(2165, 9, 1, 1, 5.50, 'Envio'),
(2166, 9, 1, 1, 7.50, 'Concepto'),
(2168, 9, 4, 5, 7.17, 'CalifDef'),
(2169, 9, 1, 3, 6.00, 'Envio'),
(2170, 9, 2, 4, 7.00, 'Envio'),
(2171, 9, 4, 5, 7.17, 'CalifDef'),
(2172, 9, 2, 5, 7.00, 'Envio'),
(2173, 9, 4, 5, 7.17, 'CalifDef'),
(2174, 9, 2, 6, 7.00, 'Envio'),
(2175, 9, 4, 5, 7.17, 'CalifDef'),
(2176, 9, 2, 1, 8.00, 'Concepto'),
(2177, 9, 3, 7, 8.00, 'Envio'),
(2178, 9, 4, 5, 7.17, 'CalifDef'),
(2179, 9, 3, 8, 8.00, 'Envio'),
(2180, 9, 4, 5, 7.17, 'CalifDef'),
(2181, 9, 3, 9, 8.50, 'Envio'),
(2182, 9, 4, 5, 7.17, 'CalifDef'),
(2183, 9, 3, 1, 7.50, 'Concepto'),
(2185, 10, 1, 2, 10.00, 'Promedio'),
(2186, 10, 2, 2, 9.00, 'Promedio'),
(2187, 10, 3, 2, 7.88, 'Promedio'),
(2188, 10, 1, 4, 10.00, 'NotaTrimestral'),
(2189, 10, 2, 4, 9.00, 'NotaTrimestral'),
(2190, 10, 3, 4, 7.88, 'NotaTrimestral'),
(2191, 10, 4, 1, 8.96, 'PromTrim'),
(2192, 10, 4, 5, 8.96, 'CalifDef'),
(2193, 10, 4, 5, 8.96, 'CalifDef'),
(2194, 10, 1, 2, 10.00, 'Envio'),
(2195, 10, 4, 5, 8.96, 'CalifDef'),
(2196, 10, 1, 3, 10.00, 'Envio'),
(2197, 10, 1, 1, 10.00, 'Envio'),
(2198, 10, 1, 1, 10.00, 'Concepto'),
(2199, 10, 4, 5, 8.96, 'CalifDef'),
(2200, 10, 2, 4, 9.00, 'Envio'),
(2201, 10, 4, 5, 8.96, 'CalifDef'),
(2202, 10, 2, 5, 9.00, 'Envio'),
(2203, 10, 4, 5, 8.96, 'CalifDef'),
(2204, 10, 2, 6, 9.00, 'Envio'),
(2205, 10, 4, 5, 8.96, 'CalifDef'),
(2206, 10, 2, 1, 9.00, 'Concepto'),
(2207, 10, 4, 5, 8.96, 'CalifDef'),
(2208, 10, 3, 7, 8.50, 'Envio'),
(2209, 10, 4, 5, 8.96, 'CalifDef'),
(2210, 10, 3, 8, 8.50, 'Envio'),
(2211, 10, 4, 5, 8.96, 'CalifDef'),
(2212, 10, 3, 9, 8.50, 'Envio'),
(2213, 10, 4, 5, 8.96, 'CalifDef'),
(2214, 10, 3, 1, 6.00, 'Concepto'),
(2215, 10, 4, 5, 8.96, 'CalifDef'),
(2217, 11, 1, 2, 8.50, 'Promedio'),
(2218, 11, 2, 2, 6.31, 'Promedio'),
(2219, 11, 3, 2, 7.38, 'Promedio'),
(2220, 11, 1, 4, 8.50, 'NotaTrimestral'),
(2221, 11, 2, 4, 6.31, 'NotaTrimestral'),
(2222, 11, 3, 4, 7.38, 'NotaTrimestral'),
(2223, 11, 4, 1, 7.40, 'PromTrim'),
(2224, 11, 4, 5, 7.40, 'CalifDef'),
(2225, 11, 4, 5, 7.40, 'CalifDef'),
(2226, 11, 1, 2, 9.00, 'Envio'),
(2227, 11, 4, 5, 7.40, 'CalifDef'),
(2228, 11, 1, 3, 8.00, 'Envio'),
(2229, 11, 1, 1, 10.00, 'Envio'),
(2230, 11, 1, 1, 7.00, 'Concepto'),
(2231, 11, 4, 5, 7.40, 'CalifDef'),
(2232, 11, 2, 4, 5.50, 'Envio'),
(2233, 11, 4, 5, 7.40, 'CalifDef'),
(2234, 11, 2, 5, 6.75, 'Envio'),
(2235, 11, 4, 5, 7.40, 'CalifDef'),
(2236, 11, 2, 6, 9.00, 'Envio'),
(2237, 11, 4, 5, 7.40, 'CalifDef'),
(2238, 11, 2, 1, 4.00, 'Concepto'),
(2239, 11, 3, 7, 5.50, 'Envio'),
(2240, 11, 4, 5, 7.40, 'CalifDef'),
(2241, 11, 3, 8, 10.00, 'Envio'),
(2242, 11, 4, 5, 7.40, 'CalifDef'),
(2243, 11, 3, 9, 10.00, 'Envio'),
(2244, 11, 4, 5, 7.40, 'CalifDef'),
(2245, 11, 3, 1, 4.00, 'Concepto');

-- --------------------------------------------------------

--
-- Estructura de tabla para la tabla `sedes`
--

CREATE TABLE `sedes` (
  `id_sede` int(2) NOT NULL,
  `nombre_sede` varchar(55) NOT NULL
) ENGINE=InnoDB DEFAULT CHARSET=utf8mb4 COLLATE=utf8mb4_general_ci;

--
-- Volcado de datos para la tabla `sedes`
--

INSERT INTO `sedes` (`id_sede`, `nombre_sede`) VALUES
(1, 'Alecrin'),
(2, 'Apostoles'),
(3, 'Chafariz'),
(4, 'Guapoy'),
(5, 'Jejy'),
(6, 'Pozo Azul'),
(7, 'San Ignacio'),
(8, 'San Juan Bosco'),
(9, 'Santa Ana'),
(10, 'Tamandua');

-- --------------------------------------------------------

--
-- Estructura de tabla para la tabla `usuarios`
--

CREATE TABLE `usuarios` (
  `id_usuario` int(11) NOT NULL,
  `nombre_usuario` varchar(55) NOT NULL,
  `dni_usuario` int(9) NOT NULL,
  `email_usuario` varchar(255) NOT NULL,
  `contrasena_usuario` varchar(255) NOT NULL,
  `rol_usuario` varchar(55) NOT NULL,
  `id_sede` int(11) DEFAULT NULL
) ENGINE=InnoDB DEFAULT CHARSET=utf8mb4 COLLATE=utf8mb4_general_ci;

--
-- Volcado de datos para la tabla `usuarios`
--

INSERT INTO `usuarios` (`id_usuario`, `nombre_usuario`, `dni_usuario`, `email_usuario`, `contrasena_usuario`, `rol_usuario`, `id_sede`) VALUES
(1, 'Mateo Rivas', 22222222, '22222222@gmail.com', '22222222', 'Profesor', 0),
(2, 'Camila Ferrer', 22222223, '22222223@gmail.com', '22222223', 'Profesor', 0),
(3, 'Lucas Montoya', 22222224, '22222224@gmail.com', '22222224', 'Profesor', 0),
(4, 'Valentina Quiroga', 22222225, '22222225@gmail.com', '22222225', 'Profesor', 0),
(5, 'Tomás Salcedo', 22222226, '22222226@gmail.com', '22222226', 'Profesor', 0),
(6, 'Martina Paredes', 22222227, '22222227@gmail.com', '22222227', 'Profesor', 0),
(7, 'Bruno Cáceres', 22222228, '22222228@gmail.com', '22222228', 'Profesor', 0),
(8, 'Sofía Maldonado', 22222229, '22222229@gmail.com', '22222229', 'Profesor', 0),
(9, 'Julián Navarro', 22222230, '22222230@gmail.com', '22222230', 'Profesor', 0),
(10, 'Paula Benítez', 22222231, '22222231@gmail.com', '22222231', 'Profesor', 0),
(11, 'Ignacio Duarte', 22222232, '22222232@gmail.com', '22222232', 'Profesor', 0),
(12, 'Renata Godoy', 22222233, '22222233@gmail.com', '22222233', 'Profesor', 0),
(13, 'Franco Leiva', 22222234, '22222234@gmail.com', '22222234', 'Profesor', 0),
(14, 'Daniela Peralta', 22222235, '22222235@gmail.com', '22222235', 'Profesor', 0),
(15, 'Nicolás Aranda', 22222236, '22222236@gmail.com', '22222236', 'Profesor', 0),
(16, 'Abril Farías', 22222237, '22222237@gmail.com', '22222237', 'Profesor', 0),
(17, 'Ramiro Acosta', 22222238, '22222238@gmail.com', '22222238', 'Profesor', 0),
(18, 'Lucía Coronel', 22222239, '22222239@gmail.com', '22222239', 'Profesor', 0),
(19, 'Gonzalo Villalba', 22222240, '22222240@gmail.com', '22222240', 'Profesor', 0),
(20, 'Micaela Sosa', 22222241, '22222241@gmail.com', '22222241', 'Profesor', 0),
(21, 'Esteban Núñez', 22222242, '22222242@gmail.com', '22222242', 'Profesor', 0),
(22, 'Carla Vega', 22222243, '22222243@gmail.com', '22222243', 'Tutor', 1),
(23, 'Lautaro Ibáñez', 22222244, '22222244@gmail.com', '22222244', 'Tutor', 3),
(24, 'Florencia Méndez', 22222245, '22222245@gmail.com', '22222245', 'Tutor', 7),
(25, 'Rodrigo Palacios', 22222246, '22222246@gmail.com', '22222246', 'Tutor', 10),
(26, 'Ricardo Ibañez', 22222247, '22222247@gmail.com', '22222247', 'Tutor', 2),
(27, 'Agustina Perez', 22222248, '22222248@gmail.com', '22222248', 'Tutor', 4),
(28, 'Emiliano Sanchez', 22222249, '22222249@gmail.com', '22222249', 'Tutor', 5),
(29, 'Matias Rios', 22222250, '22222250@gmail.com', '22222250', 'Tutor', 6),
(30, 'Juan Ramirez', 22222251, '22222251@gmail.com', '22222251', 'Tutor', 8),
(31, 'Liliana Fontana', 22222252, '22222252@gmail.com', '22222252', 'Tutor', 9),
(32, 'Jorge Gomez', 22222253, '22222254@gmail.com', '22222253', 'Administrador', 0);

--
-- Índices para tablas volcadas
--

--
-- Indices de la tabla `alumnos`
--
ALTER TABLE `alumnos`
  ADD PRIMARY KEY (`id_alumno`),
  ADD UNIQUE KEY `dni_alumno` (`dni_alumno`),
  ADD KEY `id_sede` (`id_sede`),
  ADD KEY `id_sede_2` (`id_sede`);

--
-- Indices de la tabla `inscripciones`
--
ALTER TABLE `inscripciones`
  ADD PRIMARY KEY (`id_inscripcion`),
  ADD KEY `id_alumno` (`id_alumno`),
  ADD KEY `id_materia` (`id_materia`);

--
-- Indices de la tabla `materias`
--
ALTER TABLE `materias`
  ADD PRIMARY KEY (`id_materia`),
  ADD KEY `id_profesor` (`id_profesor`);

--
-- Indices de la tabla `notas`
--
ALTER TABLE `notas`
  ADD PRIMARY KEY (`id_nota`),
  ADD KEY `id_inscripcion` (`id_inscripcion`);

--
-- Indices de la tabla `sedes`
--
ALTER TABLE `sedes`
  ADD PRIMARY KEY (`id_sede`);

--
-- Indices de la tabla `usuarios`
--
ALTER TABLE `usuarios`
  ADD PRIMARY KEY (`id_usuario`),
  ADD UNIQUE KEY `dni_usuario` (`dni_usuario`),
  ADD KEY `id_sede` (`id_sede`);

--
-- AUTO_INCREMENT de las tablas volcadas
--

--
-- AUTO_INCREMENT de la tabla `alumnos`
--
ALTER TABLE `alumnos`
  MODIFY `id_alumno` int(11) NOT NULL AUTO_INCREMENT, AUTO_INCREMENT=484;

--
-- AUTO_INCREMENT de la tabla `inscripciones`
--
ALTER TABLE `inscripciones`
  MODIFY `id_inscripcion` int(11) NOT NULL AUTO_INCREMENT, AUTO_INCREMENT=7934;

--
-- AUTO_INCREMENT de la tabla `materias`
--
ALTER TABLE `materias`
  MODIFY `id_materia` int(11) NOT NULL AUTO_INCREMENT, AUTO_INCREMENT=57;

--
-- AUTO_INCREMENT de la tabla `notas`
--
ALTER TABLE `notas`
  MODIFY `id_nota` int(11) NOT NULL AUTO_INCREMENT, AUTO_INCREMENT=2246;

--
-- AUTO_INCREMENT de la tabla `usuarios`
--
ALTER TABLE `usuarios`
  MODIFY `id_usuario` int(11) NOT NULL AUTO_INCREMENT, AUTO_INCREMENT=38;

--
-- Restricciones para tablas volcadas
--

--
-- Filtros para la tabla `alumnos`
--
ALTER TABLE `alumnos`
  ADD CONSTRAINT `alumnos_ibfk_1` FOREIGN KEY (`id_sede`) REFERENCES `sedes` (`id_sede`) ON DELETE CASCADE ON UPDATE CASCADE;

--
-- Filtros para la tabla `inscripciones`
--
ALTER TABLE `inscripciones`
  ADD CONSTRAINT `inscripciones_ibfk_1` FOREIGN KEY (`id_materia`) REFERENCES `materias` (`id_materia`) ON DELETE CASCADE ON UPDATE CASCADE,
  ADD CONSTRAINT `inscripciones_ibfk_2` FOREIGN KEY (`id_alumno`) REFERENCES `alumnos` (`id_alumno`) ON DELETE CASCADE ON UPDATE CASCADE;

--
-- Filtros para la tabla `materias`
--
ALTER TABLE `materias`
  ADD CONSTRAINT `materias_ibfk_1` FOREIGN KEY (`id_profesor`) REFERENCES `usuarios` (`id_usuario`) ON DELETE CASCADE ON UPDATE CASCADE;

--
-- Filtros para la tabla `notas`
--
ALTER TABLE `notas`
  ADD CONSTRAINT `notas_ibfk_1` FOREIGN KEY (`id_inscripcion`) REFERENCES `inscripciones` (`id_inscripcion`) ON DELETE CASCADE ON UPDATE CASCADE;

--
-- Filtros para la tabla `sedes`
--
ALTER TABLE `sedes`
  ADD CONSTRAINT `sedes_ibfk_1` FOREIGN KEY (`id_sede`) REFERENCES `usuarios` (`id_sede`) ON DELETE CASCADE ON UPDATE CASCADE;
COMMIT;

/*!40101 SET CHARACTER_SET_CLIENT=@OLD_CHARACTER_SET_CLIENT */;
/*!40101 SET CHARACTER_SET_RESULTS=@OLD_CHARACTER_SET_RESULTS */;
/*!40101 SET COLLATION_CONNECTION=@OLD_COLLATION_CONNECTION */;
